"Date","Source","Site ID","POC","Daily Max 8-hour CO Concentration","UNITS","DAILY_AQI_VALUE","Site Name","DAILY_OBS_COUNT","PERCENT_COMPLETE","AQS_PARAMETER_CODE","AQS_PARAMETER_DESC","CBSA_CODE","CBSA_NAME","STATE_CODE","STATE","COUNTY_CODE","COUNTY","SITE_LATITUDE","SITE_LONGITUDE"
"08/01/2011","AQS","110010043","1","0.5","ppm","6","MCMILLAN  NCore-PAMS","19","79.0000","42101","Carbon monoxide","47900","Washington-Arlington-Alexandria, DC-VA-MD-WV","11","District Of Columbia","001","District of Columbia","38.9218470009224","-77.013178"
"08/02/2011","AQS","110010043","1","0.5","ppm","6","MCMILLAN  NCore-PAMS","24","100.0000","42101","Carbon monoxide","47900","Washington-Arlington-Alexandria, DC-VA-MD-WV","11","District Of Columbia","001","District of Columbia","38.9218470009224","-77.013178"
"08/03/2011","AQS","110010043","1","0.6","ppm","7","MCMILLAN  NCore-PAMS","24","100.0000","42101","Carbon monoxide","47900","Washington-Arlington-Alexandria, DC-VA-MD-WV","11","District Of Columbia","001","District of Columbia","38.9218470009224","-77.013178"
"08/04/2011","AQS","110010043","1","0.6","ppm","7","MCMILLAN  NCore-PAMS","24","100.0000","42101","Carbon monoxide","47900","Washington-Arlington-Alexandria, DC-VA-MD-WV","11","District Of Columbia","001","District of Columbia","38.9218470009224","-77.013178"
"08/05/2011","AQS","110010043","1","0.5","ppm","6","MCMILLAN  NCore-PAMS","24","100.0000","42101","Carbon monoxide","47900","Washington-Arlington-Alexandria, DC-VA-MD-WV","11","District Of Columbia","001","District of Columbia","38.9218470009224","-77.013178"
"08/06/2011","AQS","110010043","1","0.5","ppm","6","MCMILLAN  NCore-PAMS","24","100.0000","42101","Carbon monoxide","47900","Washington-Arlington-Alexandria, DC-VA-MD-WV","11","District Of Columbia","001","District of Columbia","38.9218470009224","-77.013178"
"08/07/2011","AQS","110010043","1","0.5","ppm","6","MCMILLAN  NCore-PAMS","24","100.0000","42101","Carbon monoxide","47900","Washington-Arlington-Alexandria, DC-VA-MD-WV","11","District Of Columbia","001","District of Columbia","38.9218470009224","-77.013178"
"08/08/2011","AQS","110010043","1","0.6","ppm","7","MCMILLAN  NCore-PAMS","24","100.0000","42101","Carbon monoxide","47900","Washington-Arlington-Alexandria, DC-VA-MD-WV","11","District Of Columbia","001","District of Columbia","38.9218470009224","-77.013178"
"08/09/2011","AQS","110010043","1","0.7","ppm","8","MCMILLAN  NCore-PAMS","24","100.0000","42101","Carbon monoxide","47900","Washington-Arlington-Alexandria, DC-VA-MD-WV","11","District Of Columbia","001","District of Columbia","38.9218470009224","-77.013178"
"08/10/2011","AQS","110010043","1","0.8","ppm","9","MCMILLAN  NCore-PAMS","24","100.0000","42101","Carbon monoxide","47900","Washington-Arlington-Alexandria, DC-VA-MD-WV","11","District Of Columbia","001","District of Columbia","38.9218470009224","-77.013178"
"08/11/2011","AQS","110010043","1","0.6","ppm","7","MCMILLAN  NCore-PAMS","24","100.0000","42101","Carbon monoxide","47900","Washington-Arlington-Alexandria, DC-VA-MD-WV","11","District Of Columbia","001","District of Columbia","38.9218470009224","-77.013178"
"08/12/2011","AQS","110010043","1","0.5","ppm","6","MCMILLAN  NCore-PAMS","24","100.0000","42101","Carbon monoxide","47900","Washington-Arlington-Alexandria, DC-VA-MD-WV","11","District Of Columbia","001","District of Columbia","38.9218470009224","-77.013178"
"08/13/2011","AQS","110010043","1","0.8","ppm","9","MCMILLAN  NCore-PAMS","24","100.0000","42101","Carbon monoxide","47900","Washington-Arlington-Alexandria, DC-VA-MD-WV","11","District Of Columbia","001","District of Columbia","38.9218470009224","-77.013178"
"08/14/2011","AQS","110010043","1","0.6","ppm","7","MCMILLAN  NCore-PAMS","12","50.0000","42101","Carbon monoxide","47900","Washington-Arlington-Alexandria, DC-VA-MD-WV","11","District Of Columbia","001","District of Columbia","38.9218470009224","-77.013178"
"08/22/2011","AQS","110010043","1","0.4","ppm","5","MCMILLAN  NCore-PAMS","9","38.0000","42101","Carbon monoxide","47900","Washington-Arlington-Alexandria, DC-VA-MD-WV","11","District Of Columbia","001","District of Columbia","38.9218470009224","-77.013178"
"08/23/2011","AQS","110010043","1","0.4","ppm","5","MCMILLAN  NCore-PAMS","24","100.0000","42101","Carbon monoxide","47900","Washington-Arlington-Alexandria, DC-VA-MD-WV","11","District Of Columbia","001","District of Columbia","38.9218470009224","-77.013178"
"08/24/2011","AQS","110010043","1","0.4","ppm","5","MCMILLAN  NCore-PAMS","24","100.0000","42101","Carbon monoxide","47900","Washington-Arlington-Alexandria, DC-VA-MD-WV","11","District Of Columbia","001","District of Columbia","38.9218470009224","-77.013178"
"08/25/2011","AQS","110010043","1","0.5","ppm","6","MCMILLAN  NCore-PAMS","24","100.0000","42101","Carbon monoxide","47900","Washington-Arlington-Alexandria, DC-VA-MD-WV","11","District Of Columbia","001","District of Columbia","38.9218470009224","-77.013178"
"08/26/2011","AQS","110010043","1","0.5","ppm","6","MCMILLAN  NCore-PAMS","24","100.0000","42101","Carbon monoxide","47900","Washington-Arlington-Alexandria, DC-VA-MD-WV","11","District Of Columbia","001","District of Columbia","38.9218470009224","-77.013178"
"08/27/2011","AQS","110010043","1","0.4","ppm","5","MCMILLAN  NCore-PAMS","24","100.0000","42101","Carbon monoxide","47900","Washington-Arlington-Alexandria, DC-VA-MD-WV","11","District Of Columbia","001","District of Columbia","38.9218470009224","-77.013178"
"08/28/2011","AQS","110010043","1","0.4","ppm","5","MCMILLAN  NCore-PAMS","24","100.0000","42101","Carbon monoxide","47900","Washington-Arlington-Alexandria, DC-VA-MD-WV","11","District Of Columbia","001","District of Columbia","38.9218470009224","-77.013178"
"08/29/2011","AQS","110010043","1","0.5","ppm","6","MCMILLAN  NCore-PAMS","24","100.0000","42101","Carbon monoxide","47900","Washington-Arlington-Alexandria, DC-VA-MD-WV","11","District Of Columbia","001","District of Columbia","38.9218470009224","-77.013178"
"08/30/2011","AQS","110010043","1","0.8","ppm","9","MCMILLAN  NCore-PAMS","24","100.0000","42101","Carbon monoxide","47900","Washington-Arlington-Alexandria, DC-VA-MD-WV","11","District Of Columbia","001","District of Columbia","38.9218470009224","-77.013178"
"08/31/2011","AQS","110010043","1","1","ppm","11","MCMILLAN  NCore-PAMS","24","100.0000","42101","Carbon monoxide","47900","Washington-Arlington-Alexandria, DC-VA-MD-WV","11","District Of Columbia","001","District of Columbia","38.9218470009224","-77.013178"
"09/01/2011","AQS","110010043","1","0.6","ppm","7","MCMILLAN  NCore-PAMS","24","100.0000","42101","Carbon monoxide","47900","Washington-Arlington-Alexandria, DC-VA-MD-WV","11","District Of Columbia","001","District of Columbia","38.9218470009224","-77.013178"
"09/02/2011","AQS","110010043","1","0.5","ppm","6","MCMILLAN  NCore-PAMS","24","100.0000","42101","Carbon monoxide","47900","Washington-Arlington-Alexandria, DC-VA-MD-WV","11","District Of Columbia","001","District of Columbia","38.9218470009224","-77.013178"
"09/03/2011","AQS","110010043","1","0.6","ppm","7","MCMILLAN  NCore-PAMS","24","100.0000","42101","Carbon monoxide","47900","Washington-Arlington-Alexandria, DC-VA-MD-WV","11","District Of Columbia","001","District of Columbia","38.9218470009224","-77.013178"
"09/04/2011","AQS","110010043","1","0.6","ppm","7","MCMILLAN  NCore-PAMS","24","100.0000","42101","Carbon monoxide","47900","Washington-Arlington-Alexandria, DC-VA-MD-WV","11","District Of Columbia","001","District of Columbia","38.9218470009224","-77.013178"
"09/05/2011","AQS","110010043","1","0.5","ppm","6","MCMILLAN  NCore-PAMS","24","100.0000","42101","Carbon monoxide","47900","Washington-Arlington-Alexandria, DC-VA-MD-WV","11","District Of Columbia","001","District of Columbia","38.9218470009224","-77.013178"
"09/06/2011","AQS","110010043","1","0.5","ppm","6","MCMILLAN  NCore-PAMS","24","100.0000","42101","Carbon monoxide","47900","Washington-Arlington-Alexandria, DC-VA-MD-WV","11","District Of Columbia","001","District of Columbia","38.9218470009224","-77.013178"
"09/07/2011","AQS","110010043","1","0.8","ppm","9","MCMILLAN  NCore-PAMS","24","100.0000","42101","Carbon monoxide","47900","Washington-Arlington-Alexandria, DC-VA-MD-WV","11","District Of Columbia","001","District of Columbia","38.9218470009224","-77.013178"
"09/08/2011","AQS","110010043","1","0.7","ppm","8","MCMILLAN  NCore-PAMS","24","100.0000","42101","Carbon monoxide","47900","Washington-Arlington-Alexandria, DC-VA-MD-WV","11","District Of Columbia","001","District of Columbia","38.9218470009224","-77.013178"
"09/09/2011","AQS","110010043","1","0.6","ppm","7","MCMILLAN  NCore-PAMS","24","100.0000","42101","Carbon monoxide","47900","Washington-Arlington-Alexandria, DC-VA-MD-WV","11","District Of Columbia","001","District of Columbia","38.9218470009224","-77.013178"
"09/10/2011","AQS","110010043","1","0.7","ppm","8","MCMILLAN  NCore-PAMS","24","100.0000","42101","Carbon monoxide","47900","Washington-Arlington-Alexandria, DC-VA-MD-WV","11","District Of Columbia","001","District of Columbia","38.9218470009224","-77.013178"
"09/11/2011","AQS","110010043","1","0.7","ppm","8","MCMILLAN  NCore-PAMS","24","100.0000","42101","Carbon monoxide","47900","Washington-Arlington-Alexandria, DC-VA-MD-WV","11","District Of Columbia","001","District of Columbia","38.9218470009224","-77.013178"
"09/12/2011","AQS","110010043","1","0.6","ppm","7","MCMILLAN  NCore-PAMS","24","100.0000","42101","Carbon monoxide","47900","Washington-Arlington-Alexandria, DC-VA-MD-WV","11","District Of Columbia","001","District of Columbia","38.9218470009224","-77.013178"
"09/13/2011","AQS","110010043","1","0.7","ppm","8","MCMILLAN  NCore-PAMS","24","100.0000","42101","Carbon monoxide","47900","Washington-Arlington-Alexandria, DC-VA-MD-WV","11","District Of Columbia","001","District of Columbia","38.9218470009224","-77.013178"
"09/14/2011","AQS","110010043","1","0.7","ppm","8","MCMILLAN  NCore-PAMS","24","100.0000","42101","Carbon monoxide","47900","Washington-Arlington-Alexandria, DC-VA-MD-WV","11","District Of Columbia","001","District of Columbia","38.9218470009224","-77.013178"
"09/15/2011","AQS","110010043","1","0.6","ppm","7","MCMILLAN  NCore-PAMS","24","100.0000","42101","Carbon monoxide","47900","Washington-Arlington-Alexandria, DC-VA-MD-WV","11","District Of Columbia","001","District of Columbia","38.9218470009224","-77.013178"
"09/16/2011","AQS","110010043","1","0.7","ppm","8","MCMILLAN  NCore-PAMS","24","100.0000","42101","Carbon monoxide","47900","Washington-Arlington-Alexandria, DC-VA-MD-WV","11","District Of Columbia","001","District of Columbia","38.9218470009224","-77.013178"
"09/17/2011","AQS","110010043","1","0.7","ppm","8","MCMILLAN  NCore-PAMS","24","100.0000","42101","Carbon monoxide","47900","Washington-Arlington-Alexandria, DC-VA-MD-WV","11","District Of Columbia","001","District of Columbia","38.9218470009224","-77.013178"
"09/18/2011","AQS","110010043","1","0.5","ppm","6","MCMILLAN  NCore-PAMS","24","100.0000","42101","Carbon monoxide","47900","Washington-Arlington-Alexandria, DC-VA-MD-WV","11","District Of Columbia","001","District of Columbia","38.9218470009224","-77.013178"
"09/19/2011","AQS","110010043","1","0.5","ppm","6","MCMILLAN  NCore-PAMS","24","100.0000","42101","Carbon monoxide","47900","Washington-Arlington-Alexandria, DC-VA-MD-WV","11","District Of Columbia","001","District of Columbia","38.9218470009224","-77.013178"
"09/20/2011","AQS","110010043","1","0.8","ppm","9","MCMILLAN  NCore-PAMS","24","100.0000","42101","Carbon monoxide","47900","Washington-Arlington-Alexandria, DC-VA-MD-WV","11","District Of Columbia","001","District of Columbia","38.9218470009224","-77.013178"
"09/21/2011","AQS","110010043","1","0.8","ppm","9","MCMILLAN  NCore-PAMS","24","100.0000","42101","Carbon monoxide","47900","Washington-Arlington-Alexandria, DC-VA-MD-WV","11","District Of Columbia","001","District of Columbia","38.9218470009224","-77.013178"
"09/22/2011","AQS","110010043","1","0.6","ppm","7","MCMILLAN  NCore-PAMS","24","100.0000","42101","Carbon monoxide","47900","Washington-Arlington-Alexandria, DC-VA-MD-WV","11","District Of Columbia","001","District of Columbia","38.9218470009224","-77.013178"
"09/23/2011","AQS","110010043","1","0.6","ppm","7","MCMILLAN  NCore-PAMS","24","100.0000","42101","Carbon monoxide","47900","Washington-Arlington-Alexandria, DC-VA-MD-WV","11","District Of Columbia","001","District of Columbia","38.9218470009224","-77.013178"
"09/24/2011","AQS","110010043","1","0.6","ppm","7","MCMILLAN  NCore-PAMS","24","100.0000","42101","Carbon monoxide","47900","Washington-Arlington-Alexandria, DC-VA-MD-WV","11","District Of Columbia","001","District of Columbia","38.9218470009224","-77.013178"
"09/25/2011","AQS","110010043","1","0.7","ppm","8","MCMILLAN  NCore-PAMS","24","100.0000","42101","Carbon monoxide","47900","Washington-Arlington-Alexandria, DC-VA-MD-WV","11","District Of Columbia","001","District of Columbia","38.9218470009224","-77.013178"
"09/26/2011","AQS","110010043","1","0.5","ppm","6","MCMILLAN  NCore-PAMS","24","100.0000","42101","Carbon monoxide","47900","Washington-Arlington-Alexandria, DC-VA-MD-WV","11","District Of Columbia","001","District of Columbia","38.9218470009224","-77.013178"
"09/27/2011","AQS","110010043","1","0.5","ppm","6","MCMILLAN  NCore-PAMS","24","100.0000","42101","Carbon monoxide","47900","Washington-Arlington-Alexandria, DC-VA-MD-WV","11","District Of Columbia","001","District of Columbia","38.9218470009224","-77.013178"
"09/28/2011","AQS","110010043","1","0.6","ppm","7","MCMILLAN  NCore-PAMS","24","100.0000","42101","Carbon monoxide","47900","Washington-Arlington-Alexandria, DC-VA-MD-WV","11","District Of Columbia","001","District of Columbia","38.9218470009224","-77.013178"
"09/29/2011","AQS","110010043","1","0.9","ppm","10","MCMILLAN  NCore-PAMS","24","100.0000","42101","Carbon monoxide","47900","Washington-Arlington-Alexandria, DC-VA-MD-WV","11","District Of Columbia","001","District of Columbia","38.9218470009224","-77.013178"
"09/30/2011","AQS","110010043","1","1","ppm","11","MCMILLAN  NCore-PAMS","24","100.0000","42101","Carbon monoxide","47900","Washington-Arlington-Alexandria, DC-VA-MD-WV","11","District Of Columbia","001","District of Columbia","38.9218470009224","-77.013178"
"10/01/2011","AQS","110010043","1","0.4","ppm","5","MCMILLAN  NCore-PAMS","24","100.0000","42101","Carbon monoxide","47900","Washington-Arlington-Alexandria, DC-VA-MD-WV","11","District Of Columbia","001","District of Columbia","38.9218470009224","-77.013178"
"10/02/2011","AQS","110010043","1","0.4","ppm","5","MCMILLAN  NCore-PAMS","24","100.0000","42101","Carbon monoxide","47900","Washington-Arlington-Alexandria, DC-VA-MD-WV","11","District Of Columbia","001","District of Columbia","38.9218470009224","-77.013178"
"10/03/2011","AQS","110010043","1","0.5","ppm","6","MCMILLAN  NCore-PAMS","24","100.0000","42101","Carbon monoxide","47900","Washington-Arlington-Alexandria, DC-VA-MD-WV","11","District Of Columbia","001","District of Columbia","38.9218470009224","-77.013178"
"10/04/2011","AQS","110010043","1","0.5","ppm","6","MCMILLAN  NCore-PAMS","24","100.0000","42101","Carbon monoxide","47900","Washington-Arlington-Alexandria, DC-VA-MD-WV","11","District Of Columbia","001","District of Columbia","38.9218470009224","-77.013178"
"10/05/2011","AQS","110010043","1","0.8","ppm","9","MCMILLAN  NCore-PAMS","24","100.0000","42101","Carbon monoxide","47900","Washington-Arlington-Alexandria, DC-VA-MD-WV","11","District Of Columbia","001","District of Columbia","38.9218470009224","-77.013178"
"10/06/2011","AQS","110010043","1","1.2","ppm","14","MCMILLAN  NCore-PAMS","24","100.0000","42101","Carbon monoxide","47900","Washington-Arlington-Alexandria, DC-VA-MD-WV","11","District Of Columbia","001","District of Columbia","38.9218470009224","-77.013178"
"10/07/2011","AQS","110010043","1","1.7","ppm","19","MCMILLAN  NCore-PAMS","24","100.0000","42101","Carbon monoxide","47900","Washington-Arlington-Alexandria, DC-VA-MD-WV","11","District Of Columbia","001","District of Columbia","38.9218470009224","-77.013178"
"10/08/2011","AQS","110010043","1","1.2","ppm","14","MCMILLAN  NCore-PAMS","24","100.0000","42101","Carbon monoxide","47900","Washington-Arlington-Alexandria, DC-VA-MD-WV","11","District Of Columbia","001","District of Columbia","38.9218470009224","-77.013178"
"10/09/2011","AQS","110010043","1","1.1","ppm","13","MCMILLAN  NCore-PAMS","24","100.0000","42101","Carbon monoxide","47900","Washington-Arlington-Alexandria, DC-VA-MD-WV","11","District Of Columbia","001","District of Columbia","38.9218470009224","-77.013178"
"10/10/2011","AQS","110010043","1","1.4","ppm","16","MCMILLAN  NCore-PAMS","24","100.0000","42101","Carbon monoxide","47900","Washington-Arlington-Alexandria, DC-VA-MD-WV","11","District Of Columbia","001","District of Columbia","38.9218470009224","-77.013178"
"10/11/2011","AQS","110010043","1","1.3","ppm","15","MCMILLAN  NCore-PAMS","24","100.0000","42101","Carbon monoxide","47900","Washington-Arlington-Alexandria, DC-VA-MD-WV","11","District Of Columbia","001","District of Columbia","38.9218470009224","-77.013178"
"10/12/2011","AQS","110010043","1","0.5","ppm","6","MCMILLAN  NCore-PAMS","24","100.0000","42101","Carbon monoxide","47900","Washington-Arlington-Alexandria, DC-VA-MD-WV","11","District Of Columbia","001","District of Columbia","38.9218470009224","-77.013178"
"10/13/2011","AQS","110010043","1","0.7","ppm","8","MCMILLAN  NCore-PAMS","24","100.0000","42101","Carbon monoxide","47900","Washington-Arlington-Alexandria, DC-VA-MD-WV","11","District Of Columbia","001","District of Columbia","38.9218470009224","-77.013178"
"10/14/2011","AQS","110010043","1","0.6","ppm","7","MCMILLAN  NCore-PAMS","24","100.0000","42101","Carbon monoxide","47900","Washington-Arlington-Alexandria, DC-VA-MD-WV","11","District Of Columbia","001","District of Columbia","38.9218470009224","-77.013178"
"10/15/2011","AQS","110010043","1","0.5","ppm","6","MCMILLAN  NCore-PAMS","24","100.0000","42101","Carbon monoxide","47900","Washington-Arlington-Alexandria, DC-VA-MD-WV","11","District Of Columbia","001","District of Columbia","38.9218470009224","-77.013178"
"10/16/2011","AQS","110010043","1","0.5","ppm","6","MCMILLAN  NCore-PAMS","24","100.0000","42101","Carbon monoxide","47900","Washington-Arlington-Alexandria, DC-VA-MD-WV","11","District Of Columbia","001","District of Columbia","38.9218470009224","-77.013178"
"10/17/2011","AQS","110010043","1","0.7","ppm","8","MCMILLAN  NCore-PAMS","24","100.0000","42101","Carbon monoxide","47900","Washington-Arlington-Alexandria, DC-VA-MD-WV","11","District Of Columbia","001","District of Columbia","38.9218470009224","-77.013178"
"10/18/2011","AQS","110010043","1","1.1","ppm","13","MCMILLAN  NCore-PAMS","24","100.0000","42101","Carbon monoxide","47900","Washington-Arlington-Alexandria, DC-VA-MD-WV","11","District Of Columbia","001","District of Columbia","38.9218470009224","-77.013178"
"10/19/2011","AQS","110010043","1","0.6","ppm","7","MCMILLAN  NCore-PAMS","24","100.0000","42101","Carbon monoxide","47900","Washington-Arlington-Alexandria, DC-VA-MD-WV","11","District Of Columbia","001","District of Columbia","38.9218470009224","-77.013178"
"10/20/2011","AQS","110010043","1","0.5","ppm","6","MCMILLAN  NCore-PAMS","24","100.0000","42101","Carbon monoxide","47900","Washington-Arlington-Alexandria, DC-VA-MD-WV","11","District Of Columbia","001","District of Columbia","38.9218470009224","-77.013178"
"10/21/2011","AQS","110010043","1","0.6","ppm","7","MCMILLAN  NCore-PAMS","24","100.0000","42101","Carbon monoxide","47900","Washington-Arlington-Alexandria, DC-VA-MD-WV","11","District Of Columbia","001","District of Columbia","38.9218470009224","-77.013178"
"10/22/2011","AQS","110010043","1","1.2","ppm","14","MCMILLAN  NCore-PAMS","24","100.0000","42101","Carbon monoxide","47900","Washington-Arlington-Alexandria, DC-VA-MD-WV","11","District Of Columbia","001","District of Columbia","38.9218470009224","-77.013178"
"10/23/2011","AQS","110010043","1","1.4","ppm","16","MCMILLAN  NCore-PAMS","24","100.0000","42101","Carbon monoxide","47900","Washington-Arlington-Alexandria, DC-VA-MD-WV","11","District Of Columbia","001","District of Columbia","38.9218470009224","-77.013178"
"10/24/2011","AQS","110010043","1","0.7","ppm","8","MCMILLAN  NCore-PAMS","24","100.0000","42101","Carbon monoxide","47900","Washington-Arlington-Alexandria, DC-VA-MD-WV","11","District Of Columbia","001","District of Columbia","38.9218470009224","-77.013178"
"10/25/2011","AQS","110010043","1","0.7","ppm","8","MCMILLAN  NCore-PAMS","24","100.0000","42101","Carbon monoxide","47900","Washington-Arlington-Alexandria, DC-VA-MD-WV","11","District Of Columbia","001","District of Columbia","38.9218470009224","-77.013178"
"10/26/2011","AQS","110010043","1","1.7","ppm","19","MCMILLAN  NCore-PAMS","24","100.0000","42101","Carbon monoxide","47900","Washington-Arlington-Alexandria, DC-VA-MD-WV","11","District Of Columbia","001","District of Columbia","38.9218470009224","-77.013178"
"10/27/2011","AQS","110010043","1","1.7","ppm","19","MCMILLAN  NCore-PAMS","24","100.0000","42101","Carbon monoxide","47900","Washington-Arlington-Alexandria, DC-VA-MD-WV","11","District Of Columbia","001","District of Columbia","38.9218470009224","-77.013178"
"10/28/2011","AQS","110010043","1","0.6","ppm","7","MCMILLAN  NCore-PAMS","24","100.0000","42101","Carbon monoxide","47900","Washington-Arlington-Alexandria, DC-VA-MD-WV","11","District Of Columbia","001","District of Columbia","38.9218470009224","-77.013178"
"10/29/2011","AQS","110010043","1","0.5","ppm","6","MCMILLAN  NCore-PAMS","24","100.0000","42101","Carbon monoxide","47900","Washington-Arlington-Alexandria, DC-VA-MD-WV","11","District Of Columbia","001","District of Columbia","38.9218470009224","-77.013178"
"10/30/2011","AQS","110010043","1","1.3","ppm","15","MCMILLAN  NCore-PAMS","24","100.0000","42101","Carbon monoxide","47900","Washington-Arlington-Alexandria, DC-VA-MD-WV","11","District Of Columbia","001","District of Columbia","38.9218470009224","-77.013178"
"10/31/2011","AQS","110010043","1","1.9","ppm","22","MCMILLAN  NCore-PAMS","24","100.0000","42101","Carbon monoxide","47900","Washington-Arlington-Alexandria, DC-VA-MD-WV","11","District Of Columbia","001","District of Columbia","38.9218470009224","-77.013178"
"11/01/2011","AQS","110010043","1","1.1","ppm","13","MCMILLAN  NCore-PAMS","24","100.0000","42101","Carbon monoxide","47900","Washington-Arlington-Alexandria, DC-VA-MD-WV","11","District Of Columbia","001","District of Columbia","38.9218470009224","-77.013178"
"11/02/2011","AQS","110010043","1","1.9","ppm","22","MCMILLAN  NCore-PAMS","24","100.0000","42101","Carbon monoxide","47900","Washington-Arlington-Alexandria, DC-VA-MD-WV","11","District Of Columbia","001","District of Columbia","38.9218470009224","-77.013178"
"11/03/2011","AQS","110010043","1","0.9","ppm","10","MCMILLAN  NCore-PAMS","24","100.0000","42101","Carbon monoxide","47900","Washington-Arlington-Alexandria, DC-VA-MD-WV","11","District Of Columbia","001","District of Columbia","38.9218470009224","-77.013178"
"11/04/2011","AQS","110010043","1","0.9","ppm","10","MCMILLAN  NCore-PAMS","24","100.0000","42101","Carbon monoxide","47900","Washington-Arlington-Alexandria, DC-VA-MD-WV","11","District Of Columbia","001","District of Columbia","38.9218470009224","-77.013178"
"11/05/2011","AQS","110010043","1","1.4","ppm","16","MCMILLAN  NCore-PAMS","24","100.0000","42101","Carbon monoxide","47900","Washington-Arlington-Alexandria, DC-VA-MD-WV","11","District Of Columbia","001","District of Columbia","38.9218470009224","-77.013178"
"11/06/2011","AQS","110010043","1","1.7","ppm","19","MCMILLAN  NCore-PAMS","24","100.0000","42101","Carbon monoxide","47900","Washington-Arlington-Alexandria, DC-VA-MD-WV","11","District Of Columbia","001","District of Columbia","38.9218470009224","-77.013178"
"11/07/2011","AQS","110010043","1","2.1","ppm","24","MCMILLAN  NCore-PAMS","24","100.0000","42101","Carbon monoxide","47900","Washington-Arlington-Alexandria, DC-VA-MD-WV","11","District Of Columbia","001","District of Columbia","38.9218470009224","-77.013178"
"11/08/2011","AQS","110010043","1","2.5","ppm","28","MCMILLAN  NCore-PAMS","24","100.0000","42101","Carbon monoxide","47900","Washington-Arlington-Alexandria, DC-VA-MD-WV","11","District Of Columbia","001","District of Columbia","38.9218470009224","-77.013178"
"11/09/2011","AQS","110010043","1","2.4","ppm","27","MCMILLAN  NCore-PAMS","24","100.0000","42101","Carbon monoxide","47900","Washington-Arlington-Alexandria, DC-VA-MD-WV","11","District Of Columbia","001","District of Columbia","38.9218470009224","-77.013178"
"11/10/2011","AQS","110010043","1","1.6","ppm","18","MCMILLAN  NCore-PAMS","24","100.0000","42101","Carbon monoxide","47900","Washington-Arlington-Alexandria, DC-VA-MD-WV","11","District Of Columbia","001","District of Columbia","38.9218470009224","-77.013178"
"11/11/2011","AQS","110010043","1","0.6","ppm","7","MCMILLAN  NCore-PAMS","24","100.0000","42101","Carbon monoxide","47900","Washington-Arlington-Alexandria, DC-VA-MD-WV","11","District Of Columbia","001","District of Columbia","38.9218470009224","-77.013178"
"11/12/2011","AQS","110010043","1","0.7","ppm","8","MCMILLAN  NCore-PAMS","24","100.0000","42101","Carbon monoxide","47900","Washington-Arlington-Alexandria, DC-VA-MD-WV","11","District Of Columbia","001","District of Columbia","38.9218470009224","-77.013178"
"11/13/2011","AQS","110010043","1","0.6","ppm","7","MCMILLAN  NCore-PAMS","24","100.0000","42101","Carbon monoxide","47900","Washington-Arlington-Alexandria, DC-VA-MD-WV","11","District Of Columbia","001","District of Columbia","38.9218470009224","-77.013178"
"11/14/2011","AQS","110010043","1","0.7","ppm","8","MCMILLAN  NCore-PAMS","24","100.0000","42101","Carbon monoxide","47900","Washington-Arlington-Alexandria, DC-VA-MD-WV","11","District Of Columbia","001","District of Columbia","38.9218470009224","-77.013178"
"11/15/2011","AQS","110010043","1","0.7","ppm","8","MCMILLAN  NCore-PAMS","24","100.0000","42101","Carbon monoxide","47900","Washington-Arlington-Alexandria, DC-VA-MD-WV","11","District Of Columbia","001","District of Columbia","38.9218470009224","-77.013178"
"11/16/2011","AQS","110010043","1","0.7","ppm","8","MCMILLAN  NCore-PAMS","24","100.0000","42101","Carbon monoxide","47900","Washington-Arlington-Alexandria, DC-VA-MD-WV","11","District Of Columbia","001","District of Columbia","38.9218470009224","-77.013178"
"11/17/2011","AQS","110010043","1","0.5","ppm","6","MCMILLAN  NCore-PAMS","24","100.0000","42101","Carbon monoxide","47900","Washington-Arlington-Alexandria, DC-VA-MD-WV","11","District Of Columbia","001","District of Columbia","38.9218470009224","-77.013178"
"11/18/2011","AQS","110010043","1","0.6","ppm","7","MCMILLAN  NCore-PAMS","24","100.0000","42101","Carbon monoxide","47900","Washington-Arlington-Alexandria, DC-VA-MD-WV","11","District Of Columbia","001","District of Columbia","38.9218470009224","-77.013178"
"11/19/2011","AQS","110010043","1","0.6","ppm","7","MCMILLAN  NCore-PAMS","24","100.0000","42101","Carbon monoxide","47900","Washington-Arlington-Alexandria, DC-VA-MD-WV","11","District Of Columbia","001","District of Columbia","38.9218470009224","-77.013178"
"11/20/2011","AQS","110010043","1","1","ppm","11","MCMILLAN  NCore-PAMS","24","100.0000","42101","Carbon monoxide","47900","Washington-Arlington-Alexandria, DC-VA-MD-WV","11","District Of Columbia","001","District of Columbia","38.9218470009224","-77.013178"
"11/21/2011","AQS","110010043","1","1.1","ppm","13","MCMILLAN  NCore-PAMS","24","100.0000","42101","Carbon monoxide","47900","Washington-Arlington-Alexandria, DC-VA-MD-WV","11","District Of Columbia","001","District of Columbia","38.9218470009224","-77.013178"
"11/22/2011","AQS","110010043","1","0.8","ppm","9","MCMILLAN  NCore-PAMS","24","100.0000","42101","Carbon monoxide","47900","Washington-Arlington-Alexandria, DC-VA-MD-WV","11","District Of Columbia","001","District of Columbia","38.9218470009224","-77.013178"
"11/23/2011","AQS","110010043","1","0.6","ppm","7","MCMILLAN  NCore-PAMS","24","100.0000","42101","Carbon monoxide","47900","Washington-Arlington-Alexandria, DC-VA-MD-WV","11","District Of Columbia","001","District of Columbia","38.9218470009224","-77.013178"
"11/24/2011","AQS","110010043","1","0.8","ppm","9","MCMILLAN  NCore-PAMS","24","100.0000","42101","Carbon monoxide","47900","Washington-Arlington-Alexandria, DC-VA-MD-WV","11","District Of Columbia","001","District of Columbia","38.9218470009224","-77.013178"
"11/25/2011","AQS","110010043","1","1.3","ppm","15","MCMILLAN  NCore-PAMS","24","100.0000","42101","Carbon monoxide","47900","Washington-Arlington-Alexandria, DC-VA-MD-WV","11","District Of Columbia","001","District of Columbia","38.9218470009224","-77.013178"
"11/26/2011","AQS","110010043","1","1.9","ppm","22","MCMILLAN  NCore-PAMS","24","100.0000","42101","Carbon monoxide","47900","Washington-Arlington-Alexandria, DC-VA-MD-WV","11","District Of Columbia","001","District of Columbia","38.9218470009224","-77.013178"
"11/27/2011","AQS","110010043","1","1.2","ppm","14","MCMILLAN  NCore-PAMS","24","100.0000","42101","Carbon monoxide","47900","Washington-Arlington-Alexandria, DC-VA-MD-WV","11","District Of Columbia","001","District of Columbia","38.9218470009224","-77.013178"
"11/28/2011","AQS","110010043","1","1","ppm","11","MCMILLAN  NCore-PAMS","24","100.0000","42101","Carbon monoxide","47900","Washington-Arlington-Alexandria, DC-VA-MD-WV","11","District Of Columbia","001","District of Columbia","38.9218470009224","-77.013178"
"11/29/2011","AQS","110010043","1","0.6","ppm","7","MCMILLAN  NCore-PAMS","24","100.0000","42101","Carbon monoxide","47900","Washington-Arlington-Alexandria, DC-VA-MD-WV","11","District Of Columbia","001","District of Columbia","38.9218470009224","-77.013178"
"11/30/2011","AQS","110010043","1","0.6","ppm","7","MCMILLAN  NCore-PAMS","24","100.0000","42101","Carbon monoxide","47900","Washington-Arlington-Alexandria, DC-VA-MD-WV","11","District Of Columbia","001","District of Columbia","38.9218470009224","-77.013178"
"12/01/2011","AQS","110010043","1","0.4","ppm","5","MCMILLAN  NCore-PAMS","2","8.0000","42101","Carbon monoxide","47900","Washington-Arlington-Alexandria, DC-VA-MD-WV","11","District Of Columbia","001","District of Columbia","38.9218470009224","-77.013178"
