"Date","Source","Site ID","POC","Daily Max 1-hour NO2 Concentration","UNITS","DAILY_AQI_VALUE","Site Name","DAILY_OBS_COUNT","PERCENT_COMPLETE","AQS_PARAMETER_CODE","AQS_PARAMETER_DESC","CBSA_CODE","CBSA_NAME","STATE_CODE","STATE","COUNTY_CODE","COUNTY","SITE_LATITUDE","SITE_LONGITUDE"
"01/01/2011","AQS","110010043","1","47","ppb","44","MCMILLAN  NCore-PAMS","24","100.0000","42602","Nitrogen dioxide (NO2)","47900","Washington-Arlington-Alexandria, DC-VA-MD-WV","11","District Of Columbia","001","District of Columbia","38.9218470009224","-77.013178"
"01/02/2011","AQS","110010043","1","14","ppb","13","MCMILLAN  NCore-PAMS","24","100.0000","42602","Nitrogen dioxide (NO2)","47900","Washington-Arlington-Alexandria, DC-VA-MD-WV","11","District Of Columbia","001","District of Columbia","38.9218470009224","-77.013178"
"01/03/2011","AQS","110010043","1","48","ppb","45","MCMILLAN  NCore-PAMS","24","100.0000","42602","Nitrogen dioxide (NO2)","47900","Washington-Arlington-Alexandria, DC-VA-MD-WV","11","District Of Columbia","001","District of Columbia","38.9218470009224","-77.013178"
"01/04/2011","AQS","110010043","1","43","ppb","41","MCMILLAN  NCore-PAMS","22","92.0000","42602","Nitrogen dioxide (NO2)","47900","Washington-Arlington-Alexandria, DC-VA-MD-WV","11","District Of Columbia","001","District of Columbia","38.9218470009224","-77.013178"
"01/05/2011","AQS","110010043","1","41","ppb","39","MCMILLAN  NCore-PAMS","19","79.0000","42602","Nitrogen dioxide (NO2)","47900","Washington-Arlington-Alexandria, DC-VA-MD-WV","11","District Of Columbia","001","District of Columbia","38.9218470009224","-77.013178"
"01/06/2011","AQS","110010043","1","42","ppb","40","MCMILLAN  NCore-PAMS","24","100.0000","42602","Nitrogen dioxide (NO2)","47900","Washington-Arlington-Alexandria, DC-VA-MD-WV","11","District Of Columbia","001","District of Columbia","38.9218470009224","-77.013178"
"01/07/2011","AQS","110010043","1","42","ppb","40","MCMILLAN  NCore-PAMS","24","100.0000","42602","Nitrogen dioxide (NO2)","47900","Washington-Arlington-Alexandria, DC-VA-MD-WV","11","District Of Columbia","001","District of Columbia","38.9218470009224","-77.013178"
"01/08/2011","AQS","110010043","1","31","ppb","29","MCMILLAN  NCore-PAMS","24","100.0000","42602","Nitrogen dioxide (NO2)","47900","Washington-Arlington-Alexandria, DC-VA-MD-WV","11","District Of Columbia","001","District of Columbia","38.9218470009224","-77.013178"
"01/09/2011","AQS","110010043","1","10","ppb","9","MCMILLAN  NCore-PAMS","24","100.0000","42602","Nitrogen dioxide (NO2)","47900","Washington-Arlington-Alexandria, DC-VA-MD-WV","11","District Of Columbia","001","District of Columbia","38.9218470009224","-77.013178"
"01/10/2011","AQS","110010043","1","41","ppb","39","MCMILLAN  NCore-PAMS","23","96.0000","42602","Nitrogen dioxide (NO2)","47900","Washington-Arlington-Alexandria, DC-VA-MD-WV","11","District Of Columbia","001","District of Columbia","38.9218470009224","-77.013178"
"01/11/2011","AQS","110010043","1","40","ppb","38","MCMILLAN  NCore-PAMS","24","100.0000","42602","Nitrogen dioxide (NO2)","47900","Washington-Arlington-Alexandria, DC-VA-MD-WV","11","District Of Columbia","001","District of Columbia","38.9218470009224","-77.013178"
"01/12/2011","AQS","110010043","1","29","ppb","27","MCMILLAN  NCore-PAMS","24","100.0000","42602","Nitrogen dioxide (NO2)","47900","Washington-Arlington-Alexandria, DC-VA-MD-WV","11","District Of Columbia","001","District of Columbia","38.9218470009224","-77.013178"
"01/13/2011","AQS","110010043","1","17","ppb","16","MCMILLAN  NCore-PAMS","24","100.0000","42602","Nitrogen dioxide (NO2)","47900","Washington-Arlington-Alexandria, DC-VA-MD-WV","11","District Of Columbia","001","District of Columbia","38.9218470009224","-77.013178"
"01/14/2011","AQS","110010043","1","45","ppb","42","MCMILLAN  NCore-PAMS","24","100.0000","42602","Nitrogen dioxide (NO2)","47900","Washington-Arlington-Alexandria, DC-VA-MD-WV","11","District Of Columbia","001","District of Columbia","38.9218470009224","-77.013178"
"01/15/2011","AQS","110010043","1","44","ppb","42","MCMILLAN  NCore-PAMS","24","100.0000","42602","Nitrogen dioxide (NO2)","47900","Washington-Arlington-Alexandria, DC-VA-MD-WV","11","District Of Columbia","001","District of Columbia","38.9218470009224","-77.013178"
"01/16/2011","AQS","110010043","1","32","ppb","30","MCMILLAN  NCore-PAMS","24","100.0000","42602","Nitrogen dioxide (NO2)","47900","Washington-Arlington-Alexandria, DC-VA-MD-WV","11","District Of Columbia","001","District of Columbia","38.9218470009224","-77.013178"
"01/17/2011","AQS","110010043","1","23","ppb","22","MCMILLAN  NCore-PAMS","24","100.0000","42602","Nitrogen dioxide (NO2)","47900","Washington-Arlington-Alexandria, DC-VA-MD-WV","11","District Of Columbia","001","District of Columbia","38.9218470009224","-77.013178"
"01/18/2011","AQS","110010043","1","34","ppb","32","MCMILLAN  NCore-PAMS","24","100.0000","42602","Nitrogen dioxide (NO2)","47900","Washington-Arlington-Alexandria, DC-VA-MD-WV","11","District Of Columbia","001","District of Columbia","38.9218470009224","-77.013178"
"01/19/2011","AQS","110010043","1","32","ppb","30","MCMILLAN  NCore-PAMS","24","100.0000","42602","Nitrogen dioxide (NO2)","47900","Washington-Arlington-Alexandria, DC-VA-MD-WV","11","District Of Columbia","001","District of Columbia","38.9218470009224","-77.013178"
"01/20/2011","AQS","110010043","1","26","ppb","25","MCMILLAN  NCore-PAMS","24","100.0000","42602","Nitrogen dioxide (NO2)","47900","Washington-Arlington-Alexandria, DC-VA-MD-WV","11","District Of Columbia","001","District of Columbia","38.9218470009224","-77.013178"
"01/21/2011","AQS","110010043","1","15","ppb","14","MCMILLAN  NCore-PAMS","23","96.0000","42602","Nitrogen dioxide (NO2)","47900","Washington-Arlington-Alexandria, DC-VA-MD-WV","11","District Of Columbia","001","District of Columbia","38.9218470009224","-77.013178"
"01/22/2011","AQS","110010043","1","40","ppb","38","MCMILLAN  NCore-PAMS","24","100.0000","42602","Nitrogen dioxide (NO2)","47900","Washington-Arlington-Alexandria, DC-VA-MD-WV","11","District Of Columbia","001","District of Columbia","38.9218470009224","-77.013178"
"01/23/2011","AQS","110010043","1","39","ppb","37","MCMILLAN  NCore-PAMS","24","100.0000","42602","Nitrogen dioxide (NO2)","47900","Washington-Arlington-Alexandria, DC-VA-MD-WV","11","District Of Columbia","001","District of Columbia","38.9218470009224","-77.013178"
"01/24/2011","AQS","110010043","1","40","ppb","38","MCMILLAN  NCore-PAMS","24","100.0000","42602","Nitrogen dioxide (NO2)","47900","Washington-Arlington-Alexandria, DC-VA-MD-WV","11","District Of Columbia","001","District of Columbia","38.9218470009224","-77.013178"
"01/25/2011","AQS","110010043","1","48","ppb","45","MCMILLAN  NCore-PAMS","24","100.0000","42602","Nitrogen dioxide (NO2)","47900","Washington-Arlington-Alexandria, DC-VA-MD-WV","11","District Of Columbia","001","District of Columbia","38.9218470009224","-77.013178"
"01/26/2011","AQS","110010043","1","41","ppb","39","MCMILLAN  NCore-PAMS","21","88.0000","42602","Nitrogen dioxide (NO2)","47900","Washington-Arlington-Alexandria, DC-VA-MD-WV","11","District Of Columbia","001","District of Columbia","38.9218470009224","-77.013178"
"01/27/2011","AQS","110010043","1","42","ppb","40","MCMILLAN  NCore-PAMS","24","100.0000","42602","Nitrogen dioxide (NO2)","47900","Washington-Arlington-Alexandria, DC-VA-MD-WV","11","District Of Columbia","001","District of Columbia","38.9218470009224","-77.013178"
"01/28/2011","AQS","110010043","1","34","ppb","32","MCMILLAN  NCore-PAMS","24","100.0000","42602","Nitrogen dioxide (NO2)","47900","Washington-Arlington-Alexandria, DC-VA-MD-WV","11","District Of Columbia","001","District of Columbia","38.9218470009224","-77.013178"
"01/29/2011","AQS","110010043","1","42","ppb","40","MCMILLAN  NCore-PAMS","24","100.0000","42602","Nitrogen dioxide (NO2)","47900","Washington-Arlington-Alexandria, DC-VA-MD-WV","11","District Of Columbia","001","District of Columbia","38.9218470009224","-77.013178"
"01/30/2011","AQS","110010043","1","46","ppb","43","MCMILLAN  NCore-PAMS","24","100.0000","42602","Nitrogen dioxide (NO2)","47900","Washington-Arlington-Alexandria, DC-VA-MD-WV","11","District Of Columbia","001","District of Columbia","38.9218470009224","-77.013178"
"01/31/2011","AQS","110010043","1","31","ppb","29","MCMILLAN  NCore-PAMS","24","100.0000","42602","Nitrogen dioxide (NO2)","47900","Washington-Arlington-Alexandria, DC-VA-MD-WV","11","District Of Columbia","001","District of Columbia","38.9218470009224","-77.013178"
"02/01/2011","AQS","110010043","1","39","ppb","37","MCMILLAN  NCore-PAMS","24","100.0000","42602","Nitrogen dioxide (NO2)","47900","Washington-Arlington-Alexandria, DC-VA-MD-WV","11","District Of Columbia","001","District of Columbia","38.9218470009224","-77.013178"
"02/02/2011","AQS","110010043","1","33","ppb","31","MCMILLAN  NCore-PAMS","23","96.0000","42602","Nitrogen dioxide (NO2)","47900","Washington-Arlington-Alexandria, DC-VA-MD-WV","11","District Of Columbia","001","District of Columbia","38.9218470009224","-77.013178"
"02/03/2011","AQS","110010043","1","32","ppb","30","MCMILLAN  NCore-PAMS","24","100.0000","42602","Nitrogen dioxide (NO2)","47900","Washington-Arlington-Alexandria, DC-VA-MD-WV","11","District Of Columbia","001","District of Columbia","38.9218470009224","-77.013178"
"02/04/2011","AQS","110010043","1","48","ppb","45","MCMILLAN  NCore-PAMS","24","100.0000","42602","Nitrogen dioxide (NO2)","47900","Washington-Arlington-Alexandria, DC-VA-MD-WV","11","District Of Columbia","001","District of Columbia","38.9218470009224","-77.013178"
"02/05/2011","AQS","110010043","1","27","ppb","25","MCMILLAN  NCore-PAMS","24","100.0000","42602","Nitrogen dioxide (NO2)","47900","Washington-Arlington-Alexandria, DC-VA-MD-WV","11","District Of Columbia","001","District of Columbia","38.9218470009224","-77.013178"
"02/06/2011","AQS","110010043","1","48","ppb","45","MCMILLAN  NCore-PAMS","24","100.0000","42602","Nitrogen dioxide (NO2)","47900","Washington-Arlington-Alexandria, DC-VA-MD-WV","11","District Of Columbia","001","District of Columbia","38.9218470009224","-77.013178"
"02/07/2011","AQS","110010043","1","49","ppb","46","MCMILLAN  NCore-PAMS","23","96.0000","42602","Nitrogen dioxide (NO2)","47900","Washington-Arlington-Alexandria, DC-VA-MD-WV","11","District Of Columbia","001","District of Columbia","38.9218470009224","-77.013178"
"02/08/2011","AQS","110010043","1","31","ppb","29","MCMILLAN  NCore-PAMS","24","100.0000","42602","Nitrogen dioxide (NO2)","47900","Washington-Arlington-Alexandria, DC-VA-MD-WV","11","District Of Columbia","001","District of Columbia","38.9218470009224","-77.013178"
"02/09/2011","AQS","110010043","1","22","ppb","21","MCMILLAN  NCore-PAMS","24","100.0000","42602","Nitrogen dioxide (NO2)","47900","Washington-Arlington-Alexandria, DC-VA-MD-WV","11","District Of Columbia","001","District of Columbia","38.9218470009224","-77.013178"
"02/10/2011","AQS","110010043","1","51","ppb","48","MCMILLAN  NCore-PAMS","24","100.0000","42602","Nitrogen dioxide (NO2)","47900","Washington-Arlington-Alexandria, DC-VA-MD-WV","11","District Of Columbia","001","District of Columbia","38.9218470009224","-77.013178"
"02/11/2011","AQS","110010043","1","57","ppb","54","MCMILLAN  NCore-PAMS","24","100.0000","42602","Nitrogen dioxide (NO2)","47900","Washington-Arlington-Alexandria, DC-VA-MD-WV","11","District Of Columbia","001","District of Columbia","38.9218470009224","-77.013178"
"02/12/2011","AQS","110010043","1","51","ppb","48","MCMILLAN  NCore-PAMS","24","100.0000","42602","Nitrogen dioxide (NO2)","47900","Washington-Arlington-Alexandria, DC-VA-MD-WV","11","District Of Columbia","001","District of Columbia","38.9218470009224","-77.013178"
"02/13/2011","AQS","110010043","1","46","ppb","43","MCMILLAN  NCore-PAMS","24","100.0000","42602","Nitrogen dioxide (NO2)","47900","Washington-Arlington-Alexandria, DC-VA-MD-WV","11","District Of Columbia","001","District of Columbia","38.9218470009224","-77.013178"
"02/14/2011","AQS","110010043","1","35","ppb","33","MCMILLAN  NCore-PAMS","24","100.0000","42602","Nitrogen dioxide (NO2)","47900","Washington-Arlington-Alexandria, DC-VA-MD-WV","11","District Of Columbia","001","District of Columbia","38.9218470009224","-77.013178"
"02/15/2011","AQS","110010043","1","52","ppb","49","MCMILLAN  NCore-PAMS","22","92.0000","42602","Nitrogen dioxide (NO2)","47900","Washington-Arlington-Alexandria, DC-VA-MD-WV","11","District Of Columbia","001","District of Columbia","38.9218470009224","-77.013178"
"02/16/2011","AQS","110010043","1","47","ppb","44","MCMILLAN  NCore-PAMS","24","100.0000","42602","Nitrogen dioxide (NO2)","47900","Washington-Arlington-Alexandria, DC-VA-MD-WV","11","District Of Columbia","001","District of Columbia","38.9218470009224","-77.013178"
"02/17/2011","AQS","110010043","1","50","ppb","47","MCMILLAN  NCore-PAMS","24","100.0000","42602","Nitrogen dioxide (NO2)","47900","Washington-Arlington-Alexandria, DC-VA-MD-WV","11","District Of Columbia","001","District of Columbia","38.9218470009224","-77.013178"
"02/18/2011","AQS","110010043","1","43","ppb","41","MCMILLAN  NCore-PAMS","24","100.0000","42602","Nitrogen dioxide (NO2)","47900","Washington-Arlington-Alexandria, DC-VA-MD-WV","11","District Of Columbia","001","District of Columbia","38.9218470009224","-77.013178"
"02/19/2011","AQS","110010043","1","6","ppb","6","MCMILLAN  NCore-PAMS","24","100.0000","42602","Nitrogen dioxide (NO2)","47900","Washington-Arlington-Alexandria, DC-VA-MD-WV","11","District Of Columbia","001","District of Columbia","38.9218470009224","-77.013178"
"02/20/2011","AQS","110010043","1","19","ppb","18","MCMILLAN  NCore-PAMS","24","100.0000","42602","Nitrogen dioxide (NO2)","47900","Washington-Arlington-Alexandria, DC-VA-MD-WV","11","District Of Columbia","001","District of Columbia","38.9218470009224","-77.013178"
"02/21/2011","AQS","110010043","1","37","ppb","35","MCMILLAN  NCore-PAMS","24","100.0000","42602","Nitrogen dioxide (NO2)","47900","Washington-Arlington-Alexandria, DC-VA-MD-WV","11","District Of Columbia","001","District of Columbia","38.9218470009224","-77.013178"
"02/22/2011","AQS","110010043","1","22","ppb","21","MCMILLAN  NCore-PAMS","22","92.0000","42602","Nitrogen dioxide (NO2)","47900","Washington-Arlington-Alexandria, DC-VA-MD-WV","11","District Of Columbia","001","District of Columbia","38.9218470009224","-77.013178"
"02/23/2011","AQS","110010043","1","48","ppb","45","MCMILLAN  NCore-PAMS","24","100.0000","42602","Nitrogen dioxide (NO2)","47900","Washington-Arlington-Alexandria, DC-VA-MD-WV","11","District Of Columbia","001","District of Columbia","38.9218470009224","-77.013178"
"02/24/2011","AQS","110010043","1","50","ppb","47","MCMILLAN  NCore-PAMS","24","100.0000","42602","Nitrogen dioxide (NO2)","47900","Washington-Arlington-Alexandria, DC-VA-MD-WV","11","District Of Columbia","001","District of Columbia","38.9218470009224","-77.013178"
"02/25/2011","AQS","110010043","1","32","ppb","30","MCMILLAN  NCore-PAMS","24","100.0000","42602","Nitrogen dioxide (NO2)","47900","Washington-Arlington-Alexandria, DC-VA-MD-WV","11","District Of Columbia","001","District of Columbia","38.9218470009224","-77.013178"
"02/26/2011","AQS","110010043","1","23","ppb","22","MCMILLAN  NCore-PAMS","24","100.0000","42602","Nitrogen dioxide (NO2)","47900","Washington-Arlington-Alexandria, DC-VA-MD-WV","11","District Of Columbia","001","District of Columbia","38.9218470009224","-77.013178"
"02/27/2011","AQS","110010043","1","43","ppb","41","MCMILLAN  NCore-PAMS","24","100.0000","42602","Nitrogen dioxide (NO2)","47900","Washington-Arlington-Alexandria, DC-VA-MD-WV","11","District Of Columbia","001","District of Columbia","38.9218470009224","-77.013178"
"02/28/2011","AQS","110010043","1","40","ppb","38","MCMILLAN  NCore-PAMS","24","100.0000","42602","Nitrogen dioxide (NO2)","47900","Washington-Arlington-Alexandria, DC-VA-MD-WV","11","District Of Columbia","001","District of Columbia","38.9218470009224","-77.013178"
"03/01/2011","AQS","110010043","1","42","ppb","40","MCMILLAN  NCore-PAMS","21","88.0000","42602","Nitrogen dioxide (NO2)","47900","Washington-Arlington-Alexandria, DC-VA-MD-WV","11","District Of Columbia","001","District of Columbia","38.9218470009224","-77.013178"
"03/02/2011","AQS","110010043","1","29","ppb","27","MCMILLAN  NCore-PAMS","24","100.0000","42602","Nitrogen dioxide (NO2)","47900","Washington-Arlington-Alexandria, DC-VA-MD-WV","11","District Of Columbia","001","District of Columbia","38.9218470009224","-77.013178"
"03/03/2011","AQS","110010043","1","25","ppb","24","MCMILLAN  NCore-PAMS","24","100.0000","42602","Nitrogen dioxide (NO2)","47900","Washington-Arlington-Alexandria, DC-VA-MD-WV","11","District Of Columbia","001","District of Columbia","38.9218470009224","-77.013178"
"03/04/2011","AQS","110010043","1","34","ppb","32","MCMILLAN  NCore-PAMS","24","100.0000","42602","Nitrogen dioxide (NO2)","47900","Washington-Arlington-Alexandria, DC-VA-MD-WV","11","District Of Columbia","001","District of Columbia","38.9218470009224","-77.013178"
"03/05/2011","AQS","110010043","1","15","ppb","14","MCMILLAN  NCore-PAMS","24","100.0000","42602","Nitrogen dioxide (NO2)","47900","Washington-Arlington-Alexandria, DC-VA-MD-WV","11","District Of Columbia","001","District of Columbia","38.9218470009224","-77.013178"
"03/06/2011","AQS","110010043","1","12","ppb","11","MCMILLAN  NCore-PAMS","24","100.0000","42602","Nitrogen dioxide (NO2)","47900","Washington-Arlington-Alexandria, DC-VA-MD-WV","11","District Of Columbia","001","District of Columbia","38.9218470009224","-77.013178"
"03/07/2011","AQS","110010043","1","40","ppb","38","MCMILLAN  NCore-PAMS","24","100.0000","42602","Nitrogen dioxide (NO2)","47900","Washington-Arlington-Alexandria, DC-VA-MD-WV","11","District Of Columbia","001","District of Columbia","38.9218470009224","-77.013178"
"03/08/2011","AQS","110010043","1","47","ppb","44","MCMILLAN  NCore-PAMS","23","96.0000","42602","Nitrogen dioxide (NO2)","47900","Washington-Arlington-Alexandria, DC-VA-MD-WV","11","District Of Columbia","001","District of Columbia","38.9218470009224","-77.013178"
"03/09/2011","AQS","110010043","1","30","ppb","28","MCMILLAN  NCore-PAMS","24","100.0000","42602","Nitrogen dioxide (NO2)","47900","Washington-Arlington-Alexandria, DC-VA-MD-WV","11","District Of Columbia","001","District of Columbia","38.9218470009224","-77.013178"
"03/10/2011","AQS","110010043","1","27","ppb","25","MCMILLAN  NCore-PAMS","24","100.0000","42602","Nitrogen dioxide (NO2)","47900","Washington-Arlington-Alexandria, DC-VA-MD-WV","11","District Of Columbia","001","District of Columbia","38.9218470009224","-77.013178"
"03/11/2011","AQS","110010043","1","14","ppb","13","MCMILLAN  NCore-PAMS","24","100.0000","42602","Nitrogen dioxide (NO2)","47900","Washington-Arlington-Alexandria, DC-VA-MD-WV","11","District Of Columbia","001","District of Columbia","38.9218470009224","-77.013178"
"03/12/2011","AQS","110010043","1","56","ppb","53","MCMILLAN  NCore-PAMS","24","100.0000","42602","Nitrogen dioxide (NO2)","47900","Washington-Arlington-Alexandria, DC-VA-MD-WV","11","District Of Columbia","001","District of Columbia","38.9218470009224","-77.013178"
"03/13/2011","AQS","110010043","1","48","ppb","45","MCMILLAN  NCore-PAMS","24","100.0000","42602","Nitrogen dioxide (NO2)","47900","Washington-Arlington-Alexandria, DC-VA-MD-WV","11","District Of Columbia","001","District of Columbia","38.9218470009224","-77.013178"
"03/14/2011","AQS","110010043","1","37","ppb","35","MCMILLAN  NCore-PAMS","24","100.0000","42602","Nitrogen dioxide (NO2)","47900","Washington-Arlington-Alexandria, DC-VA-MD-WV","11","District Of Columbia","001","District of Columbia","38.9218470009224","-77.013178"
"03/15/2011","AQS","110010043","1","37","ppb","35","MCMILLAN  NCore-PAMS","24","100.0000","42602","Nitrogen dioxide (NO2)","47900","Washington-Arlington-Alexandria, DC-VA-MD-WV","11","District Of Columbia","001","District of Columbia","38.9218470009224","-77.013178"
"03/16/2011","AQS","110010043","1","21","ppb","20","MCMILLAN  NCore-PAMS","23","96.0000","42602","Nitrogen dioxide (NO2)","47900","Washington-Arlington-Alexandria, DC-VA-MD-WV","11","District Of Columbia","001","District of Columbia","38.9218470009224","-77.013178"
"03/17/2011","AQS","110010043","1","27","ppb","25","MCMILLAN  NCore-PAMS","24","100.0000","42602","Nitrogen dioxide (NO2)","47900","Washington-Arlington-Alexandria, DC-VA-MD-WV","11","District Of Columbia","001","District of Columbia","38.9218470009224","-77.013178"
"03/18/2011","AQS","110010043","1","42","ppb","40","MCMILLAN  NCore-PAMS","24","100.0000","42602","Nitrogen dioxide (NO2)","47900","Washington-Arlington-Alexandria, DC-VA-MD-WV","11","District Of Columbia","001","District of Columbia","38.9218470009224","-77.013178"
"03/19/2011","AQS","110010043","1","15","ppb","14","MCMILLAN  NCore-PAMS","24","100.0000","42602","Nitrogen dioxide (NO2)","47900","Washington-Arlington-Alexandria, DC-VA-MD-WV","11","District Of Columbia","001","District of Columbia","38.9218470009224","-77.013178"
"03/20/2011","AQS","110010043","1","14","ppb","13","MCMILLAN  NCore-PAMS","24","100.0000","42602","Nitrogen dioxide (NO2)","47900","Washington-Arlington-Alexandria, DC-VA-MD-WV","11","District Of Columbia","001","District of Columbia","38.9218470009224","-77.013178"
"03/21/2011","AQS","110010043","1","41","ppb","39","MCMILLAN  NCore-PAMS","22","92.0000","42602","Nitrogen dioxide (NO2)","47900","Washington-Arlington-Alexandria, DC-VA-MD-WV","11","District Of Columbia","001","District of Columbia","38.9218470009224","-77.013178"
"03/22/2011","AQS","110010043","1","38","ppb","36","MCMILLAN  NCore-PAMS","22","92.0000","42602","Nitrogen dioxide (NO2)","47900","Washington-Arlington-Alexandria, DC-VA-MD-WV","11","District Of Columbia","001","District of Columbia","38.9218470009224","-77.013178"
"03/23/2011","AQS","110010043","1","22","ppb","21","MCMILLAN  NCore-PAMS","24","100.0000","42602","Nitrogen dioxide (NO2)","47900","Washington-Arlington-Alexandria, DC-VA-MD-WV","11","District Of Columbia","001","District of Columbia","38.9218470009224","-77.013178"
"03/24/2011","AQS","110010043","1","18","ppb","17","MCMILLAN  NCore-PAMS","24","100.0000","42602","Nitrogen dioxide (NO2)","47900","Washington-Arlington-Alexandria, DC-VA-MD-WV","11","District Of Columbia","001","District of Columbia","38.9218470009224","-77.013178"
"03/25/2011","AQS","110010043","1","36","ppb","34","MCMILLAN  NCore-PAMS","24","100.0000","42602","Nitrogen dioxide (NO2)","47900","Washington-Arlington-Alexandria, DC-VA-MD-WV","11","District Of Columbia","001","District of Columbia","38.9218470009224","-77.013178"
"03/26/2011","AQS","110010043","1","25","ppb","24","MCMILLAN  NCore-PAMS","24","100.0000","42602","Nitrogen dioxide (NO2)","47900","Washington-Arlington-Alexandria, DC-VA-MD-WV","11","District Of Columbia","001","District of Columbia","38.9218470009224","-77.013178"
"03/27/2011","AQS","110010043","1","28","ppb","26","MCMILLAN  NCore-PAMS","24","100.0000","42602","Nitrogen dioxide (NO2)","47900","Washington-Arlington-Alexandria, DC-VA-MD-WV","11","District Of Columbia","001","District of Columbia","38.9218470009224","-77.013178"
"03/28/2011","AQS","110010043","1","33","ppb","31","MCMILLAN  NCore-PAMS","24","100.0000","42602","Nitrogen dioxide (NO2)","47900","Washington-Arlington-Alexandria, DC-VA-MD-WV","11","District Of Columbia","001","District of Columbia","38.9218470009224","-77.013178"
"03/29/2011","AQS","110010043","1","58","ppb","55","MCMILLAN  NCore-PAMS","24","100.0000","42602","Nitrogen dioxide (NO2)","47900","Washington-Arlington-Alexandria, DC-VA-MD-WV","11","District Of Columbia","001","District of Columbia","38.9218470009224","-77.013178"
"03/30/2011","AQS","110010043","1","58","ppb","55","MCMILLAN  NCore-PAMS","24","100.0000","42602","Nitrogen dioxide (NO2)","47900","Washington-Arlington-Alexandria, DC-VA-MD-WV","11","District Of Columbia","001","District of Columbia","38.9218470009224","-77.013178"
"03/31/2011","AQS","110010043","1","25","ppb","24","MCMILLAN  NCore-PAMS","24","100.0000","42602","Nitrogen dioxide (NO2)","47900","Washington-Arlington-Alexandria, DC-VA-MD-WV","11","District Of Columbia","001","District of Columbia","38.9218470009224","-77.013178"
"04/01/2011","AQS","110010043","1","28","ppb","26","MCMILLAN  NCore-PAMS","24","100.0000","42602","Nitrogen dioxide (NO2)","47900","Washington-Arlington-Alexandria, DC-VA-MD-WV","11","District Of Columbia","001","District of Columbia","38.9218470009224","-77.013178"
"04/02/2011","AQS","110010043","1","43","ppb","41","MCMILLAN  NCore-PAMS","24","100.0000","42602","Nitrogen dioxide (NO2)","47900","Washington-Arlington-Alexandria, DC-VA-MD-WV","11","District Of Columbia","001","District of Columbia","38.9218470009224","-77.013178"
"04/03/2011","AQS","110010043","1","35","ppb","33","MCMILLAN  NCore-PAMS","24","100.0000","42602","Nitrogen dioxide (NO2)","47900","Washington-Arlington-Alexandria, DC-VA-MD-WV","11","District Of Columbia","001","District of Columbia","38.9218470009224","-77.013178"
"04/04/2011","AQS","110010043","1","29","ppb","27","MCMILLAN  NCore-PAMS","23","96.0000","42602","Nitrogen dioxide (NO2)","47900","Washington-Arlington-Alexandria, DC-VA-MD-WV","11","District Of Columbia","001","District of Columbia","38.9218470009224","-77.013178"
"04/05/2011","AQS","110010043","1","17","ppb","16","MCMILLAN  NCore-PAMS","24","100.0000","42602","Nitrogen dioxide (NO2)","47900","Washington-Arlington-Alexandria, DC-VA-MD-WV","11","District Of Columbia","001","District of Columbia","38.9218470009224","-77.013178"
"04/06/2011","AQS","110010043","1","42","ppb","40","MCMILLAN  NCore-PAMS","24","100.0000","42602","Nitrogen dioxide (NO2)","47900","Washington-Arlington-Alexandria, DC-VA-MD-WV","11","District Of Columbia","001","District of Columbia","38.9218470009224","-77.013178"
"04/07/2011","AQS","110010043","1","29","ppb","27","MCMILLAN  NCore-PAMS","24","100.0000","42602","Nitrogen dioxide (NO2)","47900","Washington-Arlington-Alexandria, DC-VA-MD-WV","11","District Of Columbia","001","District of Columbia","38.9218470009224","-77.013178"
"04/08/2011","AQS","110010043","1","24","ppb","23","MCMILLAN  NCore-PAMS","24","100.0000","42602","Nitrogen dioxide (NO2)","47900","Washington-Arlington-Alexandria, DC-VA-MD-WV","11","District Of Columbia","001","District of Columbia","38.9218470009224","-77.013178"
"04/09/2011","AQS","110010043","1","14","ppb","13","MCMILLAN  NCore-PAMS","24","100.0000","42602","Nitrogen dioxide (NO2)","47900","Washington-Arlington-Alexandria, DC-VA-MD-WV","11","District Of Columbia","001","District of Columbia","38.9218470009224","-77.013178"
"04/10/2011","AQS","110010043","1","18","ppb","17","MCMILLAN  NCore-PAMS","24","100.0000","42602","Nitrogen dioxide (NO2)","47900","Washington-Arlington-Alexandria, DC-VA-MD-WV","11","District Of Columbia","001","District of Columbia","38.9218470009224","-77.013178"
"04/11/2011","AQS","110010043","1","27","ppb","25","MCMILLAN  NCore-PAMS","22","92.0000","42602","Nitrogen dioxide (NO2)","47900","Washington-Arlington-Alexandria, DC-VA-MD-WV","11","District Of Columbia","001","District of Columbia","38.9218470009224","-77.013178"
"04/12/2011","AQS","110010043","1","19","ppb","18","MCMILLAN  NCore-PAMS","24","100.0000","42602","Nitrogen dioxide (NO2)","47900","Washington-Arlington-Alexandria, DC-VA-MD-WV","11","District Of Columbia","001","District of Columbia","38.9218470009224","-77.013178"
"04/13/2011","AQS","110010043","1","16","ppb","15","MCMILLAN  NCore-PAMS","24","100.0000","42602","Nitrogen dioxide (NO2)","47900","Washington-Arlington-Alexandria, DC-VA-MD-WV","11","District Of Columbia","001","District of Columbia","38.9218470009224","-77.013178"
"04/14/2011","AQS","110010043","1","47","ppb","44","MCMILLAN  NCore-PAMS","24","100.0000","42602","Nitrogen dioxide (NO2)","47900","Washington-Arlington-Alexandria, DC-VA-MD-WV","11","District Of Columbia","001","District of Columbia","38.9218470009224","-77.013178"
"04/15/2011","AQS","110010043","1","41","ppb","39","MCMILLAN  NCore-PAMS","24","100.0000","42602","Nitrogen dioxide (NO2)","47900","Washington-Arlington-Alexandria, DC-VA-MD-WV","11","District Of Columbia","001","District of Columbia","38.9218470009224","-77.013178"
"04/16/2011","AQS","110010043","1","11","ppb","10","MCMILLAN  NCore-PAMS","24","100.0000","42602","Nitrogen dioxide (NO2)","47900","Washington-Arlington-Alexandria, DC-VA-MD-WV","11","District Of Columbia","001","District of Columbia","38.9218470009224","-77.013178"
"04/17/2011","AQS","110010043","1","15","ppb","14","MCMILLAN  NCore-PAMS","24","100.0000","42602","Nitrogen dioxide (NO2)","47900","Washington-Arlington-Alexandria, DC-VA-MD-WV","11","District Of Columbia","001","District of Columbia","38.9218470009224","-77.013178"
"04/18/2011","AQS","110010043","1","49","ppb","46","MCMILLAN  NCore-PAMS","24","100.0000","42602","Nitrogen dioxide (NO2)","47900","Washington-Arlington-Alexandria, DC-VA-MD-WV","11","District Of Columbia","001","District of Columbia","38.9218470009224","-77.013178"
"04/19/2011","AQS","110010043","1","41","ppb","39","MCMILLAN  NCore-PAMS","24","100.0000","42602","Nitrogen dioxide (NO2)","47900","Washington-Arlington-Alexandria, DC-VA-MD-WV","11","District Of Columbia","001","District of Columbia","38.9218470009224","-77.013178"
"04/20/2011","AQS","110010043","1","36","ppb","34","MCMILLAN  NCore-PAMS","24","100.0000","42602","Nitrogen dioxide (NO2)","47900","Washington-Arlington-Alexandria, DC-VA-MD-WV","11","District Of Columbia","001","District of Columbia","38.9218470009224","-77.013178"
"04/21/2011","AQS","110010043","1","22","ppb","21","MCMILLAN  NCore-PAMS","24","100.0000","42602","Nitrogen dioxide (NO2)","47900","Washington-Arlington-Alexandria, DC-VA-MD-WV","11","District Of Columbia","001","District of Columbia","38.9218470009224","-77.013178"
"04/22/2011","AQS","110010043","1","23","ppb","22","MCMILLAN  NCore-PAMS","24","100.0000","42602","Nitrogen dioxide (NO2)","47900","Washington-Arlington-Alexandria, DC-VA-MD-WV","11","District Of Columbia","001","District of Columbia","38.9218470009224","-77.013178"
"04/23/2011","AQS","110010043","1","18","ppb","17","MCMILLAN  NCore-PAMS","24","100.0000","42602","Nitrogen dioxide (NO2)","47900","Washington-Arlington-Alexandria, DC-VA-MD-WV","11","District Of Columbia","001","District of Columbia","38.9218470009224","-77.013178"
"04/24/2011","AQS","110010043","1","28","ppb","26","MCMILLAN  NCore-PAMS","24","100.0000","42602","Nitrogen dioxide (NO2)","47900","Washington-Arlington-Alexandria, DC-VA-MD-WV","11","District Of Columbia","001","District of Columbia","38.9218470009224","-77.013178"
"04/25/2011","AQS","110010043","1","31","ppb","29","MCMILLAN  NCore-PAMS","21","88.0000","42602","Nitrogen dioxide (NO2)","47900","Washington-Arlington-Alexandria, DC-VA-MD-WV","11","District Of Columbia","001","District of Columbia","38.9218470009224","-77.013178"
"04/26/2011","AQS","110010043","1","17","ppb","16","MCMILLAN  NCore-PAMS","21","88.0000","42602","Nitrogen dioxide (NO2)","47900","Washington-Arlington-Alexandria, DC-VA-MD-WV","11","District Of Columbia","001","District of Columbia","38.9218470009224","-77.013178"
"04/27/2011","AQS","110010043","1","13","ppb","12","MCMILLAN  NCore-PAMS","24","100.0000","42602","Nitrogen dioxide (NO2)","47900","Washington-Arlington-Alexandria, DC-VA-MD-WV","11","District Of Columbia","001","District of Columbia","38.9218470009224","-77.013178"
"04/28/2011","AQS","110010043","1","13","ppb","12","MCMILLAN  NCore-PAMS","24","100.0000","42602","Nitrogen dioxide (NO2)","47900","Washington-Arlington-Alexandria, DC-VA-MD-WV","11","District Of Columbia","001","District of Columbia","38.9218470009224","-77.013178"
"04/29/2011","AQS","110010043","1","21","ppb","20","MCMILLAN  NCore-PAMS","24","100.0000","42602","Nitrogen dioxide (NO2)","47900","Washington-Arlington-Alexandria, DC-VA-MD-WV","11","District Of Columbia","001","District of Columbia","38.9218470009224","-77.013178"
"04/30/2011","AQS","110010043","1","21","ppb","20","MCMILLAN  NCore-PAMS","24","100.0000","42602","Nitrogen dioxide (NO2)","47900","Washington-Arlington-Alexandria, DC-VA-MD-WV","11","District Of Columbia","001","District of Columbia","38.9218470009224","-77.013178"
"05/01/2011","AQS","110010043","1","24","ppb","23","MCMILLAN  NCore-PAMS","24","100.0000","42602","Nitrogen dioxide (NO2)","47900","Washington-Arlington-Alexandria, DC-VA-MD-WV","11","District Of Columbia","001","District of Columbia","38.9218470009224","-77.013178"
"05/02/2011","AQS","110010043","1","35","ppb","33","MCMILLAN  NCore-PAMS","24","100.0000","42602","Nitrogen dioxide (NO2)","47900","Washington-Arlington-Alexandria, DC-VA-MD-WV","11","District Of Columbia","001","District of Columbia","38.9218470009224","-77.013178"
"05/03/2011","AQS","110010043","1","16","ppb","15","MCMILLAN  NCore-PAMS","24","100.0000","42602","Nitrogen dioxide (NO2)","47900","Washington-Arlington-Alexandria, DC-VA-MD-WV","11","District Of Columbia","001","District of Columbia","38.9218470009224","-77.013178"
"05/04/2011","AQS","110010043","1","10","ppb","9","MCMILLAN  NCore-PAMS","22","92.0000","42602","Nitrogen dioxide (NO2)","47900","Washington-Arlington-Alexandria, DC-VA-MD-WV","11","District Of Columbia","001","District of Columbia","38.9218470009224","-77.013178"
"05/05/2011","AQS","110010043","1","28","ppb","26","MCMILLAN  NCore-PAMS","24","100.0000","42602","Nitrogen dioxide (NO2)","47900","Washington-Arlington-Alexandria, DC-VA-MD-WV","11","District Of Columbia","001","District of Columbia","38.9218470009224","-77.013178"
"05/06/2011","AQS","110010043","1","36","ppb","34","MCMILLAN  NCore-PAMS","24","100.0000","42602","Nitrogen dioxide (NO2)","47900","Washington-Arlington-Alexandria, DC-VA-MD-WV","11","District Of Columbia","001","District of Columbia","38.9218470009224","-77.013178"
"05/07/2011","AQS","110010043","1","20","ppb","19","MCMILLAN  NCore-PAMS","24","100.0000","42602","Nitrogen dioxide (NO2)","47900","Washington-Arlington-Alexandria, DC-VA-MD-WV","11","District Of Columbia","001","District of Columbia","38.9218470009224","-77.013178"
"05/08/2011","AQS","110010043","1","34","ppb","32","MCMILLAN  NCore-PAMS","24","100.0000","42602","Nitrogen dioxide (NO2)","47900","Washington-Arlington-Alexandria, DC-VA-MD-WV","11","District Of Columbia","001","District of Columbia","38.9218470009224","-77.013178"
"05/09/2011","AQS","110010043","1","36","ppb","34","MCMILLAN  NCore-PAMS","21","88.0000","42602","Nitrogen dioxide (NO2)","47900","Washington-Arlington-Alexandria, DC-VA-MD-WV","11","District Of Columbia","001","District of Columbia","38.9218470009224","-77.013178"
"05/10/2011","AQS","110010043","1","22","ppb","21","MCMILLAN  NCore-PAMS","24","100.0000","42602","Nitrogen dioxide (NO2)","47900","Washington-Arlington-Alexandria, DC-VA-MD-WV","11","District Of Columbia","001","District of Columbia","38.9218470009224","-77.013178"
"05/11/2011","AQS","110010043","1","25","ppb","24","MCMILLAN  NCore-PAMS","24","100.0000","42602","Nitrogen dioxide (NO2)","47900","Washington-Arlington-Alexandria, DC-VA-MD-WV","11","District Of Columbia","001","District of Columbia","38.9218470009224","-77.013178"
"05/12/2011","AQS","110010043","1","17","ppb","16","MCMILLAN  NCore-PAMS","24","100.0000","42602","Nitrogen dioxide (NO2)","47900","Washington-Arlington-Alexandria, DC-VA-MD-WV","11","District Of Columbia","001","District of Columbia","38.9218470009224","-77.013178"
"05/13/2011","AQS","110010043","1","21","ppb","20","MCMILLAN  NCore-PAMS","24","100.0000","42602","Nitrogen dioxide (NO2)","47900","Washington-Arlington-Alexandria, DC-VA-MD-WV","11","District Of Columbia","001","District of Columbia","38.9218470009224","-77.013178"
"05/14/2011","AQS","110010043","1","15","ppb","14","MCMILLAN  NCore-PAMS","24","100.0000","42602","Nitrogen dioxide (NO2)","47900","Washington-Arlington-Alexandria, DC-VA-MD-WV","11","District Of Columbia","001","District of Columbia","38.9218470009224","-77.013178"
"05/15/2011","AQS","110010043","1","15","ppb","14","MCMILLAN  NCore-PAMS","24","100.0000","42602","Nitrogen dioxide (NO2)","47900","Washington-Arlington-Alexandria, DC-VA-MD-WV","11","District Of Columbia","001","District of Columbia","38.9218470009224","-77.013178"
"05/16/2011","AQS","110010043","1","27","ppb","25","MCMILLAN  NCore-PAMS","24","100.0000","42602","Nitrogen dioxide (NO2)","47900","Washington-Arlington-Alexandria, DC-VA-MD-WV","11","District Of Columbia","001","District of Columbia","38.9218470009224","-77.013178"
"05/17/2011","AQS","110010043","1","13","ppb","12","MCMILLAN  NCore-PAMS","24","100.0000","42602","Nitrogen dioxide (NO2)","47900","Washington-Arlington-Alexandria, DC-VA-MD-WV","11","District Of Columbia","001","District of Columbia","38.9218470009224","-77.013178"
"05/18/2011","AQS","110010043","1","28","ppb","26","MCMILLAN  NCore-PAMS","22","92.0000","42602","Nitrogen dioxide (NO2)","47900","Washington-Arlington-Alexandria, DC-VA-MD-WV","11","District Of Columbia","001","District of Columbia","38.9218470009224","-77.013178"
"05/19/2011","AQS","110010043","1","30","ppb","28","MCMILLAN  NCore-PAMS","24","100.0000","42602","Nitrogen dioxide (NO2)","47900","Washington-Arlington-Alexandria, DC-VA-MD-WV","11","District Of Columbia","001","District of Columbia","38.9218470009224","-77.013178"
"05/20/2011","AQS","110010043","1","15","ppb","14","MCMILLAN  NCore-PAMS","24","100.0000","42602","Nitrogen dioxide (NO2)","47900","Washington-Arlington-Alexandria, DC-VA-MD-WV","11","District Of Columbia","001","District of Columbia","38.9218470009224","-77.013178"
"05/21/2011","AQS","110010043","1","40","ppb","38","MCMILLAN  NCore-PAMS","24","100.0000","42602","Nitrogen dioxide (NO2)","47900","Washington-Arlington-Alexandria, DC-VA-MD-WV","11","District Of Columbia","001","District of Columbia","38.9218470009224","-77.013178"
"05/22/2011","AQS","110010043","1","40","ppb","38","MCMILLAN  NCore-PAMS","24","100.0000","42602","Nitrogen dioxide (NO2)","47900","Washington-Arlington-Alexandria, DC-VA-MD-WV","11","District Of Columbia","001","District of Columbia","38.9218470009224","-77.013178"
"05/23/2011","AQS","110010043","1","19","ppb","18","MCMILLAN  NCore-PAMS","24","100.0000","42602","Nitrogen dioxide (NO2)","47900","Washington-Arlington-Alexandria, DC-VA-MD-WV","11","District Of Columbia","001","District of Columbia","38.9218470009224","-77.013178"
"05/24/2011","AQS","110010043","1","22","ppb","21","MCMILLAN  NCore-PAMS","21","88.0000","42602","Nitrogen dioxide (NO2)","47900","Washington-Arlington-Alexandria, DC-VA-MD-WV","11","District Of Columbia","001","District of Columbia","38.9218470009224","-77.013178"
"05/25/2011","AQS","110010043","1","14","ppb","13","MCMILLAN  NCore-PAMS","24","100.0000","42602","Nitrogen dioxide (NO2)","47900","Washington-Arlington-Alexandria, DC-VA-MD-WV","11","District Of Columbia","001","District of Columbia","38.9218470009224","-77.013178"
"05/26/2011","AQS","110010043","1","16","ppb","15","MCMILLAN  NCore-PAMS","24","100.0000","42602","Nitrogen dioxide (NO2)","47900","Washington-Arlington-Alexandria, DC-VA-MD-WV","11","District Of Columbia","001","District of Columbia","38.9218470009224","-77.013178"
"05/27/2011","AQS","110010043","1","26","ppb","25","MCMILLAN  NCore-PAMS","24","100.0000","42602","Nitrogen dioxide (NO2)","47900","Washington-Arlington-Alexandria, DC-VA-MD-WV","11","District Of Columbia","001","District of Columbia","38.9218470009224","-77.013178"
"05/28/2011","AQS","110010043","1","11","ppb","10","MCMILLAN  NCore-PAMS","24","100.0000","42602","Nitrogen dioxide (NO2)","47900","Washington-Arlington-Alexandria, DC-VA-MD-WV","11","District Of Columbia","001","District of Columbia","38.9218470009224","-77.013178"
"05/29/2011","AQS","110010043","1","11","ppb","10","MCMILLAN  NCore-PAMS","24","100.0000","42602","Nitrogen dioxide (NO2)","47900","Washington-Arlington-Alexandria, DC-VA-MD-WV","11","District Of Columbia","001","District of Columbia","38.9218470009224","-77.013178"
"05/30/2011","AQS","110010043","1","30","ppb","28","MCMILLAN  NCore-PAMS","24","100.0000","42602","Nitrogen dioxide (NO2)","47900","Washington-Arlington-Alexandria, DC-VA-MD-WV","11","District Of Columbia","001","District of Columbia","38.9218470009224","-77.013178"
"05/31/2011","AQS","110010043","1","22","ppb","21","MCMILLAN  NCore-PAMS","24","100.0000","42602","Nitrogen dioxide (NO2)","47900","Washington-Arlington-Alexandria, DC-VA-MD-WV","11","District Of Columbia","001","District of Columbia","38.9218470009224","-77.013178"
"06/01/2011","AQS","110010043","1","23","ppb","22","MCMILLAN  NCore-PAMS","24","100.0000","42602","Nitrogen dioxide (NO2)","47900","Washington-Arlington-Alexandria, DC-VA-MD-WV","11","District Of Columbia","001","District of Columbia","38.9218470009224","-77.013178"
"06/02/2011","AQS","110010043","1","12","ppb","11","MCMILLAN  NCore-PAMS","24","100.0000","42602","Nitrogen dioxide (NO2)","47900","Washington-Arlington-Alexandria, DC-VA-MD-WV","11","District Of Columbia","001","District of Columbia","38.9218470009224","-77.013178"
"06/03/2011","AQS","110010043","1","35","ppb","33","MCMILLAN  NCore-PAMS","24","100.0000","42602","Nitrogen dioxide (NO2)","47900","Washington-Arlington-Alexandria, DC-VA-MD-WV","11","District Of Columbia","001","District of Columbia","38.9218470009224","-77.013178"
"06/04/2011","AQS","110010043","1","26","ppb","25","MCMILLAN  NCore-PAMS","24","100.0000","42602","Nitrogen dioxide (NO2)","47900","Washington-Arlington-Alexandria, DC-VA-MD-WV","11","District Of Columbia","001","District of Columbia","38.9218470009224","-77.013178"
"06/05/2011","AQS","110010043","1","13","ppb","12","MCMILLAN  NCore-PAMS","24","100.0000","42602","Nitrogen dioxide (NO2)","47900","Washington-Arlington-Alexandria, DC-VA-MD-WV","11","District Of Columbia","001","District of Columbia","38.9218470009224","-77.013178"
"06/06/2011","AQS","110010043","1","21","ppb","20","MCMILLAN  NCore-PAMS","24","100.0000","42602","Nitrogen dioxide (NO2)","47900","Washington-Arlington-Alexandria, DC-VA-MD-WV","11","District Of Columbia","001","District of Columbia","38.9218470009224","-77.013178"
"06/07/2011","AQS","110010043","1","19","ppb","18","MCMILLAN  NCore-PAMS","22","92.0000","42602","Nitrogen dioxide (NO2)","47900","Washington-Arlington-Alexandria, DC-VA-MD-WV","11","District Of Columbia","001","District of Columbia","38.9218470009224","-77.013178"
"06/08/2011","AQS","110010043","1","38","ppb","36","MCMILLAN  NCore-PAMS","24","100.0000","42602","Nitrogen dioxide (NO2)","47900","Washington-Arlington-Alexandria, DC-VA-MD-WV","11","District Of Columbia","001","District of Columbia","38.9218470009224","-77.013178"
"06/09/2011","AQS","110010043","1","16","ppb","15","MCMILLAN  NCore-PAMS","24","100.0000","42602","Nitrogen dioxide (NO2)","47900","Washington-Arlington-Alexandria, DC-VA-MD-WV","11","District Of Columbia","001","District of Columbia","38.9218470009224","-77.013178"
"06/10/2011","AQS","110010043","1","18","ppb","17","MCMILLAN  NCore-PAMS","24","100.0000","42602","Nitrogen dioxide (NO2)","47900","Washington-Arlington-Alexandria, DC-VA-MD-WV","11","District Of Columbia","001","District of Columbia","38.9218470009224","-77.013178"
"06/11/2011","AQS","110010043","1","16","ppb","15","MCMILLAN  NCore-PAMS","24","100.0000","42602","Nitrogen dioxide (NO2)","47900","Washington-Arlington-Alexandria, DC-VA-MD-WV","11","District Of Columbia","001","District of Columbia","38.9218470009224","-77.013178"
"06/12/2011","AQS","110010043","1","17","ppb","16","MCMILLAN  NCore-PAMS","24","100.0000","42602","Nitrogen dioxide (NO2)","47900","Washington-Arlington-Alexandria, DC-VA-MD-WV","11","District Of Columbia","001","District of Columbia","38.9218470009224","-77.013178"
"06/13/2011","AQS","110010043","1","11","ppb","10","MCMILLAN  NCore-PAMS","24","100.0000","42602","Nitrogen dioxide (NO2)","47900","Washington-Arlington-Alexandria, DC-VA-MD-WV","11","District Of Columbia","001","District of Columbia","38.9218470009224","-77.013178"
"06/14/2011","AQS","110010043","1","16","ppb","15","MCMILLAN  NCore-PAMS","24","100.0000","42602","Nitrogen dioxide (NO2)","47900","Washington-Arlington-Alexandria, DC-VA-MD-WV","11","District Of Columbia","001","District of Columbia","38.9218470009224","-77.013178"
"06/15/2011","AQS","110010043","1","18","ppb","17","MCMILLAN  NCore-PAMS","21","88.0000","42602","Nitrogen dioxide (NO2)","47900","Washington-Arlington-Alexandria, DC-VA-MD-WV","11","District Of Columbia","001","District of Columbia","38.9218470009224","-77.013178"
"06/16/2011","AQS","110010043","1","30","ppb","28","MCMILLAN  NCore-PAMS","24","100.0000","42602","Nitrogen dioxide (NO2)","47900","Washington-Arlington-Alexandria, DC-VA-MD-WV","11","District Of Columbia","001","District of Columbia","38.9218470009224","-77.013178"
"06/17/2011","AQS","110010043","1","28","ppb","26","MCMILLAN  NCore-PAMS","24","100.0000","42602","Nitrogen dioxide (NO2)","47900","Washington-Arlington-Alexandria, DC-VA-MD-WV","11","District Of Columbia","001","District of Columbia","38.9218470009224","-77.013178"
"06/18/2011","AQS","110010043","1","24","ppb","23","MCMILLAN  NCore-PAMS","24","100.0000","42602","Nitrogen dioxide (NO2)","47900","Washington-Arlington-Alexandria, DC-VA-MD-WV","11","District Of Columbia","001","District of Columbia","38.9218470009224","-77.013178"
"06/19/2011","AQS","110010043","1","25","ppb","24","MCMILLAN  NCore-PAMS","24","100.0000","42602","Nitrogen dioxide (NO2)","47900","Washington-Arlington-Alexandria, DC-VA-MD-WV","11","District Of Columbia","001","District of Columbia","38.9218470009224","-77.013178"
"06/20/2011","AQS","110010043","1","17","ppb","16","MCMILLAN  NCore-PAMS","24","100.0000","42602","Nitrogen dioxide (NO2)","47900","Washington-Arlington-Alexandria, DC-VA-MD-WV","11","District Of Columbia","001","District of Columbia","38.9218470009224","-77.013178"
"06/21/2011","AQS","110010043","1","25","ppb","24","MCMILLAN  NCore-PAMS","22","92.0000","42602","Nitrogen dioxide (NO2)","47900","Washington-Arlington-Alexandria, DC-VA-MD-WV","11","District Of Columbia","001","District of Columbia","38.9218470009224","-77.013178"
"06/22/2011","AQS","110010043","1","26","ppb","25","MCMILLAN  NCore-PAMS","22","92.0000","42602","Nitrogen dioxide (NO2)","47900","Washington-Arlington-Alexandria, DC-VA-MD-WV","11","District Of Columbia","001","District of Columbia","38.9218470009224","-77.013178"
"06/23/2011","AQS","110010043","1","21","ppb","20","MCMILLAN  NCore-PAMS","24","100.0000","42602","Nitrogen dioxide (NO2)","47900","Washington-Arlington-Alexandria, DC-VA-MD-WV","11","District Of Columbia","001","District of Columbia","38.9218470009224","-77.013178"
"06/24/2011","AQS","110010043","1","18","ppb","17","MCMILLAN  NCore-PAMS","24","100.0000","42602","Nitrogen dioxide (NO2)","47900","Washington-Arlington-Alexandria, DC-VA-MD-WV","11","District Of Columbia","001","District of Columbia","38.9218470009224","-77.013178"
"06/25/2011","AQS","110010043","1","7","ppb","7","MCMILLAN  NCore-PAMS","24","100.0000","42602","Nitrogen dioxide (NO2)","47900","Washington-Arlington-Alexandria, DC-VA-MD-WV","11","District Of Columbia","001","District of Columbia","38.9218470009224","-77.013178"
"06/26/2011","AQS","110010043","1","15","ppb","14","MCMILLAN  NCore-PAMS","24","100.0000","42602","Nitrogen dioxide (NO2)","47900","Washington-Arlington-Alexandria, DC-VA-MD-WV","11","District Of Columbia","001","District of Columbia","38.9218470009224","-77.013178"
"06/27/2011","AQS","110010043","1","36","ppb","34","MCMILLAN  NCore-PAMS","24","100.0000","42602","Nitrogen dioxide (NO2)","47900","Washington-Arlington-Alexandria, DC-VA-MD-WV","11","District Of Columbia","001","District of Columbia","38.9218470009224","-77.013178"
"06/28/2011","AQS","110010043","1","32","ppb","30","MCMILLAN  NCore-PAMS","24","100.0000","42602","Nitrogen dioxide (NO2)","47900","Washington-Arlington-Alexandria, DC-VA-MD-WV","11","District Of Columbia","001","District of Columbia","38.9218470009224","-77.013178"
"06/29/2011","AQS","110010043","1","13","ppb","12","MCMILLAN  NCore-PAMS","24","100.0000","42602","Nitrogen dioxide (NO2)","47900","Washington-Arlington-Alexandria, DC-VA-MD-WV","11","District Of Columbia","001","District of Columbia","38.9218470009224","-77.013178"
"06/30/2011","AQS","110010043","1","21","ppb","20","MCMILLAN  NCore-PAMS","24","100.0000","42602","Nitrogen dioxide (NO2)","47900","Washington-Arlington-Alexandria, DC-VA-MD-WV","11","District Of Columbia","001","District of Columbia","38.9218470009224","-77.013178"
"07/01/2011","AQS","110010043","1","42","ppb","40","MCMILLAN  NCore-PAMS","24","100.0000","42602","Nitrogen dioxide (NO2)","47900","Washington-Arlington-Alexandria, DC-VA-MD-WV","11","District Of Columbia","001","District of Columbia","38.9218470009224","-77.013178"
"07/02/2011","AQS","110010043","1","48","ppb","45","MCMILLAN  NCore-PAMS","24","100.0000","42602","Nitrogen dioxide (NO2)","47900","Washington-Arlington-Alexandria, DC-VA-MD-WV","11","District Of Columbia","001","District of Columbia","38.9218470009224","-77.013178"
"07/03/2011","AQS","110010043","1","22","ppb","21","MCMILLAN  NCore-PAMS","24","100.0000","42602","Nitrogen dioxide (NO2)","47900","Washington-Arlington-Alexandria, DC-VA-MD-WV","11","District Of Columbia","001","District of Columbia","38.9218470009224","-77.013178"
"07/04/2011","AQS","110010043","1","11","ppb","10","MCMILLAN  NCore-PAMS","24","100.0000","42602","Nitrogen dioxide (NO2)","47900","Washington-Arlington-Alexandria, DC-VA-MD-WV","11","District Of Columbia","001","District of Columbia","38.9218470009224","-77.013178"
"07/05/2011","AQS","110010043","1","12","ppb","11","MCMILLAN  NCore-PAMS","24","100.0000","42602","Nitrogen dioxide (NO2)","47900","Washington-Arlington-Alexandria, DC-VA-MD-WV","11","District Of Columbia","001","District of Columbia","38.9218470009224","-77.013178"
"07/06/2011","AQS","110010043","1","28","ppb","26","MCMILLAN  NCore-PAMS","24","100.0000","42602","Nitrogen dioxide (NO2)","47900","Washington-Arlington-Alexandria, DC-VA-MD-WV","11","District Of Columbia","001","District of Columbia","38.9218470009224","-77.013178"
"07/07/2011","AQS","110010043","1","20","ppb","19","MCMILLAN  NCore-PAMS","22","92.0000","42602","Nitrogen dioxide (NO2)","47900","Washington-Arlington-Alexandria, DC-VA-MD-WV","11","District Of Columbia","001","District of Columbia","38.9218470009224","-77.013178"
"07/08/2011","AQS","110010043","1","21","ppb","20","MCMILLAN  NCore-PAMS","24","100.0000","42602","Nitrogen dioxide (NO2)","47900","Washington-Arlington-Alexandria, DC-VA-MD-WV","11","District Of Columbia","001","District of Columbia","38.9218470009224","-77.013178"
"07/09/2011","AQS","110010043","1","15","ppb","14","MCMILLAN  NCore-PAMS","24","100.0000","42602","Nitrogen dioxide (NO2)","47900","Washington-Arlington-Alexandria, DC-VA-MD-WV","11","District Of Columbia","001","District of Columbia","38.9218470009224","-77.013178"
"07/10/2011","AQS","110010043","1","22","ppb","21","MCMILLAN  NCore-PAMS","24","100.0000","42602","Nitrogen dioxide (NO2)","47900","Washington-Arlington-Alexandria, DC-VA-MD-WV","11","District Of Columbia","001","District of Columbia","38.9218470009224","-77.013178"
"07/11/2011","AQS","110010043","1","22","ppb","21","MCMILLAN  NCore-PAMS","24","100.0000","42602","Nitrogen dioxide (NO2)","47900","Washington-Arlington-Alexandria, DC-VA-MD-WV","11","District Of Columbia","001","District of Columbia","38.9218470009224","-77.013178"
"07/12/2011","AQS","110010043","1","15","ppb","14","MCMILLAN  NCore-PAMS","24","100.0000","42602","Nitrogen dioxide (NO2)","47900","Washington-Arlington-Alexandria, DC-VA-MD-WV","11","District Of Columbia","001","District of Columbia","38.9218470009224","-77.013178"
"07/13/2011","AQS","110010043","1","24","ppb","23","MCMILLAN  NCore-PAMS","21","88.0000","42602","Nitrogen dioxide (NO2)","47900","Washington-Arlington-Alexandria, DC-VA-MD-WV","11","District Of Columbia","001","District of Columbia","38.9218470009224","-77.013178"
"07/14/2011","AQS","110010043","1","19","ppb","18","MCMILLAN  NCore-PAMS","24","100.0000","42602","Nitrogen dioxide (NO2)","47900","Washington-Arlington-Alexandria, DC-VA-MD-WV","11","District Of Columbia","001","District of Columbia","38.9218470009224","-77.013178"
"07/15/2011","AQS","110010043","1","14","ppb","13","MCMILLAN  NCore-PAMS","24","100.0000","42602","Nitrogen dioxide (NO2)","47900","Washington-Arlington-Alexandria, DC-VA-MD-WV","11","District Of Columbia","001","District of Columbia","38.9218470009224","-77.013178"
"07/16/2011","AQS","110010043","1","15","ppb","14","MCMILLAN  NCore-PAMS","24","100.0000","42602","Nitrogen dioxide (NO2)","47900","Washington-Arlington-Alexandria, DC-VA-MD-WV","11","District Of Columbia","001","District of Columbia","38.9218470009224","-77.013178"
"07/17/2011","AQS","110010043","1","11","ppb","10","MCMILLAN  NCore-PAMS","24","100.0000","42602","Nitrogen dioxide (NO2)","47900","Washington-Arlington-Alexandria, DC-VA-MD-WV","11","District Of Columbia","001","District of Columbia","38.9218470009224","-77.013178"
"07/18/2011","AQS","110010043","1","21","ppb","20","MCMILLAN  NCore-PAMS","24","100.0000","42602","Nitrogen dioxide (NO2)","47900","Washington-Arlington-Alexandria, DC-VA-MD-WV","11","District Of Columbia","001","District of Columbia","38.9218470009224","-77.013178"
"07/19/2011","AQS","110010043","1","20","ppb","19","MCMILLAN  NCore-PAMS","22","92.0000","42602","Nitrogen dioxide (NO2)","47900","Washington-Arlington-Alexandria, DC-VA-MD-WV","11","District Of Columbia","001","District of Columbia","38.9218470009224","-77.013178"
"07/20/2011","AQS","110010043","1","23","ppb","22","MCMILLAN  NCore-PAMS","24","100.0000","42602","Nitrogen dioxide (NO2)","47900","Washington-Arlington-Alexandria, DC-VA-MD-WV","11","District Of Columbia","001","District of Columbia","38.9218470009224","-77.013178"
"07/21/2011","AQS","110010043","1","28","ppb","26","MCMILLAN  NCore-PAMS","24","100.0000","42602","Nitrogen dioxide (NO2)","47900","Washington-Arlington-Alexandria, DC-VA-MD-WV","11","District Of Columbia","001","District of Columbia","38.9218470009224","-77.013178"
"07/22/2011","AQS","110010043","1","41","ppb","39","MCMILLAN  NCore-PAMS","24","100.0000","42602","Nitrogen dioxide (NO2)","47900","Washington-Arlington-Alexandria, DC-VA-MD-WV","11","District Of Columbia","001","District of Columbia","38.9218470009224","-77.013178"
"07/23/2011","AQS","110010043","1","12","ppb","11","MCMILLAN  NCore-PAMS","24","100.0000","42602","Nitrogen dioxide (NO2)","47900","Washington-Arlington-Alexandria, DC-VA-MD-WV","11","District Of Columbia","001","District of Columbia","38.9218470009224","-77.013178"
"07/24/2011","AQS","110010043","1","11","ppb","10","MCMILLAN  NCore-PAMS","24","100.0000","42602","Nitrogen dioxide (NO2)","47900","Washington-Arlington-Alexandria, DC-VA-MD-WV","11","District Of Columbia","001","District of Columbia","38.9218470009224","-77.013178"
"07/25/2011","AQS","110010043","1","22","ppb","21","MCMILLAN  NCore-PAMS","23","96.0000","42602","Nitrogen dioxide (NO2)","47900","Washington-Arlington-Alexandria, DC-VA-MD-WV","11","District Of Columbia","001","District of Columbia","38.9218470009224","-77.013178"
"07/27/2011","AQS","110010043","1","30","ppb","28","MCMILLAN  NCore-PAMS","24","100.0000","42602","Nitrogen dioxide (NO2)","47900","Washington-Arlington-Alexandria, DC-VA-MD-WV","11","District Of Columbia","001","District of Columbia","38.9218470009224","-77.013178"
"07/28/2011","AQS","110010043","1","46","ppb","43","MCMILLAN  NCore-PAMS","24","100.0000","42602","Nitrogen dioxide (NO2)","47900","Washington-Arlington-Alexandria, DC-VA-MD-WV","11","District Of Columbia","001","District of Columbia","38.9218470009224","-77.013178"
"07/29/2011","AQS","110010043","1","15","ppb","14","MCMILLAN  NCore-PAMS","24","100.0000","42602","Nitrogen dioxide (NO2)","47900","Washington-Arlington-Alexandria, DC-VA-MD-WV","11","District Of Columbia","001","District of Columbia","38.9218470009224","-77.013178"
"07/30/2011","AQS","110010043","1","17","ppb","16","MCMILLAN  NCore-PAMS","24","100.0000","42602","Nitrogen dioxide (NO2)","47900","Washington-Arlington-Alexandria, DC-VA-MD-WV","11","District Of Columbia","001","District of Columbia","38.9218470009224","-77.013178"
"07/31/2011","AQS","110010043","1","23","ppb","22","MCMILLAN  NCore-PAMS","24","100.0000","42602","Nitrogen dioxide (NO2)","47900","Washington-Arlington-Alexandria, DC-VA-MD-WV","11","District Of Columbia","001","District of Columbia","38.9218470009224","-77.013178"
"08/01/2011","AQS","110010043","1","21","ppb","20","MCMILLAN  NCore-PAMS","21","88.0000","42602","Nitrogen dioxide (NO2)","47900","Washington-Arlington-Alexandria, DC-VA-MD-WV","11","District Of Columbia","001","District of Columbia","38.9218470009224","-77.013178"
"08/02/2011","AQS","110010043","1","21","ppb","20","MCMILLAN  NCore-PAMS","24","100.0000","42602","Nitrogen dioxide (NO2)","47900","Washington-Arlington-Alexandria, DC-VA-MD-WV","11","District Of Columbia","001","District of Columbia","38.9218470009224","-77.013178"
"08/03/2011","AQS","110010043","1","27","ppb","25","MCMILLAN  NCore-PAMS","24","100.0000","42602","Nitrogen dioxide (NO2)","47900","Washington-Arlington-Alexandria, DC-VA-MD-WV","11","District Of Columbia","001","District of Columbia","38.9218470009224","-77.013178"
"08/04/2011","AQS","110010043","1","15","ppb","14","MCMILLAN  NCore-PAMS","24","100.0000","42602","Nitrogen dioxide (NO2)","47900","Washington-Arlington-Alexandria, DC-VA-MD-WV","11","District Of Columbia","001","District of Columbia","38.9218470009224","-77.013178"
"08/05/2011","AQS","110010043","1","23","ppb","22","MCMILLAN  NCore-PAMS","24","100.0000","42602","Nitrogen dioxide (NO2)","47900","Washington-Arlington-Alexandria, DC-VA-MD-WV","11","District Of Columbia","001","District of Columbia","38.9218470009224","-77.013178"
"08/06/2011","AQS","110010043","1","15","ppb","14","MCMILLAN  NCore-PAMS","24","100.0000","42602","Nitrogen dioxide (NO2)","47900","Washington-Arlington-Alexandria, DC-VA-MD-WV","11","District Of Columbia","001","District of Columbia","38.9218470009224","-77.013178"
"08/07/2011","AQS","110010043","1","24","ppb","23","MCMILLAN  NCore-PAMS","24","100.0000","42602","Nitrogen dioxide (NO2)","47900","Washington-Arlington-Alexandria, DC-VA-MD-WV","11","District Of Columbia","001","District of Columbia","38.9218470009224","-77.013178"
"08/08/2011","AQS","110010043","1","38","ppb","36","MCMILLAN  NCore-PAMS","24","100.0000","42602","Nitrogen dioxide (NO2)","47900","Washington-Arlington-Alexandria, DC-VA-MD-WV","11","District Of Columbia","001","District of Columbia","38.9218470009224","-77.013178"
"08/09/2011","AQS","110010043","1","39","ppb","37","MCMILLAN  NCore-PAMS","24","100.0000","42602","Nitrogen dioxide (NO2)","47900","Washington-Arlington-Alexandria, DC-VA-MD-WV","11","District Of Columbia","001","District of Columbia","38.9218470009224","-77.013178"
"08/10/2011","AQS","110010043","1","21","ppb","20","MCMILLAN  NCore-PAMS","20","83.0000","42602","Nitrogen dioxide (NO2)","47900","Washington-Arlington-Alexandria, DC-VA-MD-WV","11","District Of Columbia","001","District of Columbia","38.9218470009224","-77.013178"
"08/11/2011","AQS","110010043","1","39","ppb","37","MCMILLAN  NCore-PAMS","24","100.0000","42602","Nitrogen dioxide (NO2)","47900","Washington-Arlington-Alexandria, DC-VA-MD-WV","11","District Of Columbia","001","District of Columbia","38.9218470009224","-77.013178"
"08/23/2011","AQS","110010043","1","20","ppb","19","MCMILLAN  NCore-PAMS","21","88.0000","42602","Nitrogen dioxide (NO2)","47900","Washington-Arlington-Alexandria, DC-VA-MD-WV","11","District Of Columbia","001","District of Columbia","38.9218470009224","-77.013178"
"08/24/2011","AQS","110010043","1","25","ppb","24","MCMILLAN  NCore-PAMS","24","100.0000","42602","Nitrogen dioxide (NO2)","47900","Washington-Arlington-Alexandria, DC-VA-MD-WV","11","District Of Columbia","001","District of Columbia","38.9218470009224","-77.013178"
"08/25/2011","AQS","110010043","1","24","ppb","23","MCMILLAN  NCore-PAMS","24","100.0000","42602","Nitrogen dioxide (NO2)","47900","Washington-Arlington-Alexandria, DC-VA-MD-WV","11","District Of Columbia","001","District of Columbia","38.9218470009224","-77.013178"
"08/26/2011","AQS","110010043","1","18","ppb","17","MCMILLAN  NCore-PAMS","24","100.0000","42602","Nitrogen dioxide (NO2)","47900","Washington-Arlington-Alexandria, DC-VA-MD-WV","11","District Of Columbia","001","District of Columbia","38.9218470009224","-77.013178"
"08/27/2011","AQS","110010043","1","11","ppb","10","MCMILLAN  NCore-PAMS","24","100.0000","42602","Nitrogen dioxide (NO2)","47900","Washington-Arlington-Alexandria, DC-VA-MD-WV","11","District Of Columbia","001","District of Columbia","38.9218470009224","-77.013178"
"08/28/2011","AQS","110010043","1","19","ppb","18","MCMILLAN  NCore-PAMS","24","100.0000","42602","Nitrogen dioxide (NO2)","47900","Washington-Arlington-Alexandria, DC-VA-MD-WV","11","District Of Columbia","001","District of Columbia","38.9218470009224","-77.013178"
"08/29/2011","AQS","110010043","1","23","ppb","22","MCMILLAN  NCore-PAMS","24","100.0000","42602","Nitrogen dioxide (NO2)","47900","Washington-Arlington-Alexandria, DC-VA-MD-WV","11","District Of Columbia","001","District of Columbia","38.9218470009224","-77.013178"
"08/30/2011","AQS","110010043","1","31","ppb","29","MCMILLAN  NCore-PAMS","24","100.0000","42602","Nitrogen dioxide (NO2)","47900","Washington-Arlington-Alexandria, DC-VA-MD-WV","11","District Of Columbia","001","District of Columbia","38.9218470009224","-77.013178"
"08/31/2011","AQS","110010043","1","38","ppb","36","MCMILLAN  NCore-PAMS","24","100.0000","42602","Nitrogen dioxide (NO2)","47900","Washington-Arlington-Alexandria, DC-VA-MD-WV","11","District Of Columbia","001","District of Columbia","38.9218470009224","-77.013178"
"09/01/2011","AQS","110010043","1","29","ppb","27","MCMILLAN  NCore-PAMS","24","100.0000","42602","Nitrogen dioxide (NO2)","47900","Washington-Arlington-Alexandria, DC-VA-MD-WV","11","District Of Columbia","001","District of Columbia","38.9218470009224","-77.013178"
"09/02/2011","AQS","110010043","1","24","ppb","23","MCMILLAN  NCore-PAMS","24","100.0000","42602","Nitrogen dioxide (NO2)","47900","Washington-Arlington-Alexandria, DC-VA-MD-WV","11","District Of Columbia","001","District of Columbia","38.9218470009224","-77.013178"
"09/03/2011","AQS","110010043","1","14","ppb","13","MCMILLAN  NCore-PAMS","24","100.0000","42602","Nitrogen dioxide (NO2)","47900","Washington-Arlington-Alexandria, DC-VA-MD-WV","11","District Of Columbia","001","District of Columbia","38.9218470009224","-77.013178"
"09/04/2011","AQS","110010043","1","8","ppb","8","MCMILLAN  NCore-PAMS","24","100.0000","42602","Nitrogen dioxide (NO2)","47900","Washington-Arlington-Alexandria, DC-VA-MD-WV","11","District Of Columbia","001","District of Columbia","38.9218470009224","-77.013178"
"09/05/2011","AQS","110010043","1","11","ppb","10","MCMILLAN  NCore-PAMS","24","100.0000","42602","Nitrogen dioxide (NO2)","47900","Washington-Arlington-Alexandria, DC-VA-MD-WV","11","District Of Columbia","001","District of Columbia","38.9218470009224","-77.013178"
"09/06/2011","AQS","110010043","1","13","ppb","12","MCMILLAN  NCore-PAMS","24","100.0000","42602","Nitrogen dioxide (NO2)","47900","Washington-Arlington-Alexandria, DC-VA-MD-WV","11","District Of Columbia","001","District of Columbia","38.9218470009224","-77.013178"
"09/07/2011","AQS","110010043","1","26","ppb","25","MCMILLAN  NCore-PAMS","24","100.0000","42602","Nitrogen dioxide (NO2)","47900","Washington-Arlington-Alexandria, DC-VA-MD-WV","11","District Of Columbia","001","District of Columbia","38.9218470009224","-77.013178"
"09/08/2011","AQS","110010043","1","19","ppb","18","MCMILLAN  NCore-PAMS","24","100.0000","42602","Nitrogen dioxide (NO2)","47900","Washington-Arlington-Alexandria, DC-VA-MD-WV","11","District Of Columbia","001","District of Columbia","38.9218470009224","-77.013178"
"09/09/2011","AQS","110010043","1","18","ppb","17","MCMILLAN  NCore-PAMS","24","100.0000","42602","Nitrogen dioxide (NO2)","47900","Washington-Arlington-Alexandria, DC-VA-MD-WV","11","District Of Columbia","001","District of Columbia","38.9218470009224","-77.013178"
"09/10/2011","AQS","110010043","1","22","ppb","21","MCMILLAN  NCore-PAMS","24","100.0000","42602","Nitrogen dioxide (NO2)","47900","Washington-Arlington-Alexandria, DC-VA-MD-WV","11","District Of Columbia","001","District of Columbia","38.9218470009224","-77.013178"
"09/11/2011","AQS","110010043","1","24","ppb","23","MCMILLAN  NCore-PAMS","24","100.0000","42602","Nitrogen dioxide (NO2)","47900","Washington-Arlington-Alexandria, DC-VA-MD-WV","11","District Of Columbia","001","District of Columbia","38.9218470009224","-77.013178"
"09/12/2011","AQS","110010043","1","33","ppb","31","MCMILLAN  NCore-PAMS","24","100.0000","42602","Nitrogen dioxide (NO2)","47900","Washington-Arlington-Alexandria, DC-VA-MD-WV","11","District Of Columbia","001","District of Columbia","38.9218470009224","-77.013178"
"09/13/2011","AQS","110010043","1","29","ppb","27","MCMILLAN  NCore-PAMS","24","100.0000","42602","Nitrogen dioxide (NO2)","47900","Washington-Arlington-Alexandria, DC-VA-MD-WV","11","District Of Columbia","001","District of Columbia","38.9218470009224","-77.013178"
"09/14/2011","AQS","110010043","1","28","ppb","26","MCMILLAN  NCore-PAMS","19","79.0000","42602","Nitrogen dioxide (NO2)","47900","Washington-Arlington-Alexandria, DC-VA-MD-WV","11","District Of Columbia","001","District of Columbia","38.9218470009224","-77.013178"
"09/15/2011","AQS","110010043","1","25","ppb","24","MCMILLAN  NCore-PAMS","24","100.0000","42602","Nitrogen dioxide (NO2)","47900","Washington-Arlington-Alexandria, DC-VA-MD-WV","11","District Of Columbia","001","District of Columbia","38.9218470009224","-77.013178"
"09/16/2011","AQS","110010043","1","22","ppb","21","MCMILLAN  NCore-PAMS","24","100.0000","42602","Nitrogen dioxide (NO2)","47900","Washington-Arlington-Alexandria, DC-VA-MD-WV","11","District Of Columbia","001","District of Columbia","38.9218470009224","-77.013178"
"09/17/2011","AQS","110010043","1","21","ppb","20","MCMILLAN  NCore-PAMS","24","100.0000","42602","Nitrogen dioxide (NO2)","47900","Washington-Arlington-Alexandria, DC-VA-MD-WV","11","District Of Columbia","001","District of Columbia","38.9218470009224","-77.013178"
"09/18/2011","AQS","110010043","1","13","ppb","12","MCMILLAN  NCore-PAMS","24","100.0000","42602","Nitrogen dioxide (NO2)","47900","Washington-Arlington-Alexandria, DC-VA-MD-WV","11","District Of Columbia","001","District of Columbia","38.9218470009224","-77.013178"
"09/19/2011","AQS","110010043","1","16","ppb","15","MCMILLAN  NCore-PAMS","24","100.0000","42602","Nitrogen dioxide (NO2)","47900","Washington-Arlington-Alexandria, DC-VA-MD-WV","11","District Of Columbia","001","District of Columbia","38.9218470009224","-77.013178"
"09/20/2011","AQS","110010043","1","27","ppb","25","MCMILLAN  NCore-PAMS","21","88.0000","42602","Nitrogen dioxide (NO2)","47900","Washington-Arlington-Alexandria, DC-VA-MD-WV","11","District Of Columbia","001","District of Columbia","38.9218470009224","-77.013178"
"09/21/2011","AQS","110010043","1","20","ppb","19","MCMILLAN  NCore-PAMS","21","88.0000","42602","Nitrogen dioxide (NO2)","47900","Washington-Arlington-Alexandria, DC-VA-MD-WV","11","District Of Columbia","001","District of Columbia","38.9218470009224","-77.013178"
"09/22/2011","AQS","110010043","1","18","ppb","17","MCMILLAN  NCore-PAMS","24","100.0000","42602","Nitrogen dioxide (NO2)","47900","Washington-Arlington-Alexandria, DC-VA-MD-WV","11","District Of Columbia","001","District of Columbia","38.9218470009224","-77.013178"
"09/23/2011","AQS","110010043","1","25","ppb","24","MCMILLAN  NCore-PAMS","24","100.0000","42602","Nitrogen dioxide (NO2)","47900","Washington-Arlington-Alexandria, DC-VA-MD-WV","11","District Of Columbia","001","District of Columbia","38.9218470009224","-77.013178"
"09/24/2011","AQS","110010043","1","20","ppb","19","MCMILLAN  NCore-PAMS","24","100.0000","42602","Nitrogen dioxide (NO2)","47900","Washington-Arlington-Alexandria, DC-VA-MD-WV","11","District Of Columbia","001","District of Columbia","38.9218470009224","-77.013178"
"09/25/2011","AQS","110010043","1","18","ppb","17","MCMILLAN  NCore-PAMS","24","100.0000","42602","Nitrogen dioxide (NO2)","47900","Washington-Arlington-Alexandria, DC-VA-MD-WV","11","District Of Columbia","001","District of Columbia","38.9218470009224","-77.013178"
"09/26/2011","AQS","110010043","1","16","ppb","15","MCMILLAN  NCore-PAMS","20","83.0000","42602","Nitrogen dioxide (NO2)","47900","Washington-Arlington-Alexandria, DC-VA-MD-WV","11","District Of Columbia","001","District of Columbia","38.9218470009224","-77.013178"
"09/27/2011","AQS","110010043","1","18","ppb","17","MCMILLAN  NCore-PAMS","24","100.0000","42602","Nitrogen dioxide (NO2)","47900","Washington-Arlington-Alexandria, DC-VA-MD-WV","11","District Of Columbia","001","District of Columbia","38.9218470009224","-77.013178"
"09/28/2011","AQS","110010043","1","21","ppb","20","MCMILLAN  NCore-PAMS","24","100.0000","42602","Nitrogen dioxide (NO2)","47900","Washington-Arlington-Alexandria, DC-VA-MD-WV","11","District Of Columbia","001","District of Columbia","38.9218470009224","-77.013178"
"09/29/2011","AQS","110010043","1","33","ppb","31","MCMILLAN  NCore-PAMS","24","100.0000","42602","Nitrogen dioxide (NO2)","47900","Washington-Arlington-Alexandria, DC-VA-MD-WV","11","District Of Columbia","001","District of Columbia","38.9218470009224","-77.013178"
"09/30/2011","AQS","110010043","1","33","ppb","31","MCMILLAN  NCore-PAMS","24","100.0000","42602","Nitrogen dioxide (NO2)","47900","Washington-Arlington-Alexandria, DC-VA-MD-WV","11","District Of Columbia","001","District of Columbia","38.9218470009224","-77.013178"
"10/01/2011","AQS","110010043","1","7","ppb","7","MCMILLAN  NCore-PAMS","24","100.0000","42602","Nitrogen dioxide (NO2)","47900","Washington-Arlington-Alexandria, DC-VA-MD-WV","11","District Of Columbia","001","District of Columbia","38.9218470009224","-77.013178"
"10/02/2011","AQS","110010043","1","11","ppb","10","MCMILLAN  NCore-PAMS","24","100.0000","42602","Nitrogen dioxide (NO2)","47900","Washington-Arlington-Alexandria, DC-VA-MD-WV","11","District Of Columbia","001","District of Columbia","38.9218470009224","-77.013178"
"10/03/2011","AQS","110010043","1","14","ppb","13","MCMILLAN  NCore-PAMS","24","100.0000","42602","Nitrogen dioxide (NO2)","47900","Washington-Arlington-Alexandria, DC-VA-MD-WV","11","District Of Columbia","001","District of Columbia","38.9218470009224","-77.013178"
"10/04/2011","AQS","110010043","1","14","ppb","13","MCMILLAN  NCore-PAMS","22","92.0000","42602","Nitrogen dioxide (NO2)","47900","Washington-Arlington-Alexandria, DC-VA-MD-WV","11","District Of Columbia","001","District of Columbia","38.9218470009224","-77.013178"
"10/05/2011","AQS","110010043","1","36","ppb","34","MCMILLAN  NCore-PAMS","24","100.0000","42602","Nitrogen dioxide (NO2)","47900","Washington-Arlington-Alexandria, DC-VA-MD-WV","11","District Of Columbia","001","District of Columbia","38.9218470009224","-77.013178"
"10/06/2011","AQS","110010043","1","35","ppb","33","MCMILLAN  NCore-PAMS","24","100.0000","42602","Nitrogen dioxide (NO2)","47900","Washington-Arlington-Alexandria, DC-VA-MD-WV","11","District Of Columbia","001","District of Columbia","38.9218470009224","-77.013178"
"10/07/2011","AQS","110010043","1","43","ppb","41","MCMILLAN  NCore-PAMS","24","100.0000","42602","Nitrogen dioxide (NO2)","47900","Washington-Arlington-Alexandria, DC-VA-MD-WV","11","District Of Columbia","001","District of Columbia","38.9218470009224","-77.013178"
"10/08/2011","AQS","110010043","1","38","ppb","36","MCMILLAN  NCore-PAMS","24","100.0000","42602","Nitrogen dioxide (NO2)","47900","Washington-Arlington-Alexandria, DC-VA-MD-WV","11","District Of Columbia","001","District of Columbia","38.9218470009224","-77.013178"
"10/09/2011","AQS","110010043","1","44","ppb","42","MCMILLAN  NCore-PAMS","24","100.0000","42602","Nitrogen dioxide (NO2)","47900","Washington-Arlington-Alexandria, DC-VA-MD-WV","11","District Of Columbia","001","District of Columbia","38.9218470009224","-77.013178"
"10/10/2011","AQS","110010043","1","48","ppb","45","MCMILLAN  NCore-PAMS","24","100.0000","42602","Nitrogen dioxide (NO2)","47900","Washington-Arlington-Alexandria, DC-VA-MD-WV","11","District Of Columbia","001","District of Columbia","38.9218470009224","-77.013178"
"10/11/2011","AQS","110010043","1","34","ppb","32","MCMILLAN  NCore-PAMS","21","88.0000","42602","Nitrogen dioxide (NO2)","47900","Washington-Arlington-Alexandria, DC-VA-MD-WV","11","District Of Columbia","001","District of Columbia","38.9218470009224","-77.013178"
"10/12/2011","AQS","110010043","1","11","ppb","10","MCMILLAN  NCore-PAMS","24","100.0000","42602","Nitrogen dioxide (NO2)","47900","Washington-Arlington-Alexandria, DC-VA-MD-WV","11","District Of Columbia","001","District of Columbia","38.9218470009224","-77.013178"
"10/13/2011","AQS","110010043","1","19","ppb","18","MCMILLAN  NCore-PAMS","24","100.0000","42602","Nitrogen dioxide (NO2)","47900","Washington-Arlington-Alexandria, DC-VA-MD-WV","11","District Of Columbia","001","District of Columbia","38.9218470009224","-77.013178"
"10/14/2011","AQS","110010043","1","16","ppb","15","MCMILLAN  NCore-PAMS","24","100.0000","42602","Nitrogen dioxide (NO2)","47900","Washington-Arlington-Alexandria, DC-VA-MD-WV","11","District Of Columbia","001","District of Columbia","38.9218470009224","-77.013178"
"10/15/2011","AQS","110010043","1","21","ppb","20","MCMILLAN  NCore-PAMS","24","100.0000","42602","Nitrogen dioxide (NO2)","47900","Washington-Arlington-Alexandria, DC-VA-MD-WV","11","District Of Columbia","001","District of Columbia","38.9218470009224","-77.013178"
"10/16/2011","AQS","110010043","1","19","ppb","18","MCMILLAN  NCore-PAMS","24","100.0000","42602","Nitrogen dioxide (NO2)","47900","Washington-Arlington-Alexandria, DC-VA-MD-WV","11","District Of Columbia","001","District of Columbia","38.9218470009224","-77.013178"
"10/17/2011","AQS","110010043","1","38","ppb","36","MCMILLAN  NCore-PAMS","24","100.0000","42602","Nitrogen dioxide (NO2)","47900","Washington-Arlington-Alexandria, DC-VA-MD-WV","11","District Of Columbia","001","District of Columbia","38.9218470009224","-77.013178"
"10/18/2011","AQS","110010043","1","32","ppb","30","MCMILLAN  NCore-PAMS","24","100.0000","42602","Nitrogen dioxide (NO2)","47900","Washington-Arlington-Alexandria, DC-VA-MD-WV","11","District Of Columbia","001","District of Columbia","38.9218470009224","-77.013178"
"10/19/2011","AQS","110010043","1","16","ppb","15","MCMILLAN  NCore-PAMS","23","96.0000","42602","Nitrogen dioxide (NO2)","47900","Washington-Arlington-Alexandria, DC-VA-MD-WV","11","District Of Columbia","001","District of Columbia","38.9218470009224","-77.013178"
"10/20/2011","AQS","110010043","1","14","ppb","13","MCMILLAN  NCore-PAMS","24","100.0000","42602","Nitrogen dioxide (NO2)","47900","Washington-Arlington-Alexandria, DC-VA-MD-WV","11","District Of Columbia","001","District of Columbia","38.9218470009224","-77.013178"
"10/21/2011","AQS","110010043","1","16","ppb","15","MCMILLAN  NCore-PAMS","24","100.0000","42602","Nitrogen dioxide (NO2)","47900","Washington-Arlington-Alexandria, DC-VA-MD-WV","11","District Of Columbia","001","District of Columbia","38.9218470009224","-77.013178"
"10/22/2011","AQS","110010043","1","29","ppb","27","MCMILLAN  NCore-PAMS","24","100.0000","42602","Nitrogen dioxide (NO2)","47900","Washington-Arlington-Alexandria, DC-VA-MD-WV","11","District Of Columbia","001","District of Columbia","38.9218470009224","-77.013178"
"10/23/2011","AQS","110010043","1","30","ppb","28","MCMILLAN  NCore-PAMS","24","100.0000","42602","Nitrogen dioxide (NO2)","47900","Washington-Arlington-Alexandria, DC-VA-MD-WV","11","District Of Columbia","001","District of Columbia","38.9218470009224","-77.013178"
"10/24/2011","AQS","110010043","1","30","ppb","28","MCMILLAN  NCore-PAMS","22","92.0000","42602","Nitrogen dioxide (NO2)","47900","Washington-Arlington-Alexandria, DC-VA-MD-WV","11","District Of Columbia","001","District of Columbia","38.9218470009224","-77.013178"
"10/25/2011","AQS","110010043","1","46","ppb","43","MCMILLAN  NCore-PAMS","24","100.0000","42602","Nitrogen dioxide (NO2)","47900","Washington-Arlington-Alexandria, DC-VA-MD-WV","11","District Of Columbia","001","District of Columbia","38.9218470009224","-77.013178"
"10/26/2011","AQS","110010043","1","37","ppb","35","MCMILLAN  NCore-PAMS","24","100.0000","42602","Nitrogen dioxide (NO2)","47900","Washington-Arlington-Alexandria, DC-VA-MD-WV","11","District Of Columbia","001","District of Columbia","38.9218470009224","-77.013178"
"10/27/2011","AQS","110010043","1","39","ppb","37","MCMILLAN  NCore-PAMS","24","100.0000","42602","Nitrogen dioxide (NO2)","47900","Washington-Arlington-Alexandria, DC-VA-MD-WV","11","District Of Columbia","001","District of Columbia","38.9218470009224","-77.013178"
"10/28/2011","AQS","110010043","1","20","ppb","19","MCMILLAN  NCore-PAMS","24","100.0000","42602","Nitrogen dioxide (NO2)","47900","Washington-Arlington-Alexandria, DC-VA-MD-WV","11","District Of Columbia","001","District of Columbia","38.9218470009224","-77.013178"
"10/29/2011","AQS","110010043","1","15","ppb","14","MCMILLAN  NCore-PAMS","24","100.0000","42602","Nitrogen dioxide (NO2)","47900","Washington-Arlington-Alexandria, DC-VA-MD-WV","11","District Of Columbia","001","District of Columbia","38.9218470009224","-77.013178"
"10/30/2011","AQS","110010043","1","32","ppb","30","MCMILLAN  NCore-PAMS","24","100.0000","42602","Nitrogen dioxide (NO2)","47900","Washington-Arlington-Alexandria, DC-VA-MD-WV","11","District Of Columbia","001","District of Columbia","38.9218470009224","-77.013178"
"10/31/2011","AQS","110010043","1","35","ppb","33","MCMILLAN  NCore-PAMS","24","100.0000","42602","Nitrogen dioxide (NO2)","47900","Washington-Arlington-Alexandria, DC-VA-MD-WV","11","District Of Columbia","001","District of Columbia","38.9218470009224","-77.013178"
"11/01/2011","AQS","110010043","1","40","ppb","38","MCMILLAN  NCore-PAMS","24","100.0000","42602","Nitrogen dioxide (NO2)","47900","Washington-Arlington-Alexandria, DC-VA-MD-WV","11","District Of Columbia","001","District of Columbia","38.9218470009224","-77.013178"
"11/02/2011","AQS","110010043","1","51","ppb","48","MCMILLAN  NCore-PAMS","24","100.0000","42602","Nitrogen dioxide (NO2)","47900","Washington-Arlington-Alexandria, DC-VA-MD-WV","11","District Of Columbia","001","District of Columbia","38.9218470009224","-77.013178"
"11/03/2011","AQS","110010043","1","44","ppb","42","MCMILLAN  NCore-PAMS","23","96.0000","42602","Nitrogen dioxide (NO2)","47900","Washington-Arlington-Alexandria, DC-VA-MD-WV","11","District Of Columbia","001","District of Columbia","38.9218470009224","-77.013178"
"11/04/2011","AQS","110010043","1","39","ppb","37","MCMILLAN  NCore-PAMS","24","100.0000","42602","Nitrogen dioxide (NO2)","47900","Washington-Arlington-Alexandria, DC-VA-MD-WV","11","District Of Columbia","001","District of Columbia","38.9218470009224","-77.013178"
"11/05/2011","AQS","110010043","1","33","ppb","31","MCMILLAN  NCore-PAMS","24","100.0000","42602","Nitrogen dioxide (NO2)","47900","Washington-Arlington-Alexandria, DC-VA-MD-WV","11","District Of Columbia","001","District of Columbia","38.9218470009224","-77.013178"
"11/06/2011","AQS","110010043","1","33","ppb","31","MCMILLAN  NCore-PAMS","24","100.0000","42602","Nitrogen dioxide (NO2)","47900","Washington-Arlington-Alexandria, DC-VA-MD-WV","11","District Of Columbia","001","District of Columbia","38.9218470009224","-77.013178"
"11/07/2011","AQS","110010043","1","45","ppb","42","MCMILLAN  NCore-PAMS","22","92.0000","42602","Nitrogen dioxide (NO2)","47900","Washington-Arlington-Alexandria, DC-VA-MD-WV","11","District Of Columbia","001","District of Columbia","38.9218470009224","-77.013178"
"11/08/2011","AQS","110010043","1","49","ppb","46","MCMILLAN  NCore-PAMS","24","100.0000","42602","Nitrogen dioxide (NO2)","47900","Washington-Arlington-Alexandria, DC-VA-MD-WV","11","District Of Columbia","001","District of Columbia","38.9218470009224","-77.013178"
"11/09/2011","AQS","110010043","1","59","ppb","56","MCMILLAN  NCore-PAMS","24","100.0000","42602","Nitrogen dioxide (NO2)","47900","Washington-Arlington-Alexandria, DC-VA-MD-WV","11","District Of Columbia","001","District of Columbia","38.9218470009224","-77.013178"
"11/10/2011","AQS","110010043","1","37","ppb","35","MCMILLAN  NCore-PAMS","24","100.0000","42602","Nitrogen dioxide (NO2)","47900","Washington-Arlington-Alexandria, DC-VA-MD-WV","11","District Of Columbia","001","District of Columbia","38.9218470009224","-77.013178"
"11/11/2011","AQS","110010043","1","26","ppb","25","MCMILLAN  NCore-PAMS","24","100.0000","42602","Nitrogen dioxide (NO2)","47900","Washington-Arlington-Alexandria, DC-VA-MD-WV","11","District Of Columbia","001","District of Columbia","38.9218470009224","-77.013178"
"11/12/2011","AQS","110010043","1","31","ppb","29","MCMILLAN  NCore-PAMS","24","100.0000","42602","Nitrogen dioxide (NO2)","47900","Washington-Arlington-Alexandria, DC-VA-MD-WV","11","District Of Columbia","001","District of Columbia","38.9218470009224","-77.013178"
"11/13/2011","AQS","110010043","1","24","ppb","23","MCMILLAN  NCore-PAMS","24","100.0000","42602","Nitrogen dioxide (NO2)","47900","Washington-Arlington-Alexandria, DC-VA-MD-WV","11","District Of Columbia","001","District of Columbia","38.9218470009224","-77.013178"
"11/14/2011","AQS","110010043","1","30","ppb","28","MCMILLAN  NCore-PAMS","24","100.0000","42602","Nitrogen dioxide (NO2)","47900","Washington-Arlington-Alexandria, DC-VA-MD-WV","11","District Of Columbia","001","District of Columbia","38.9218470009224","-77.013178"
"11/15/2011","AQS","110010043","1","38","ppb","36","MCMILLAN  NCore-PAMS","24","100.0000","42602","Nitrogen dioxide (NO2)","47900","Washington-Arlington-Alexandria, DC-VA-MD-WV","11","District Of Columbia","001","District of Columbia","38.9218470009224","-77.013178"
"11/16/2011","AQS","110010043","1","29","ppb","27","MCMILLAN  NCore-PAMS","22","92.0000","42602","Nitrogen dioxide (NO2)","47900","Washington-Arlington-Alexandria, DC-VA-MD-WV","11","District Of Columbia","001","District of Columbia","38.9218470009224","-77.013178"
"11/17/2011","AQS","110010043","1","17","ppb","16","MCMILLAN  NCore-PAMS","24","100.0000","42602","Nitrogen dioxide (NO2)","47900","Washington-Arlington-Alexandria, DC-VA-MD-WV","11","District Of Columbia","001","District of Columbia","38.9218470009224","-77.013178"
"11/18/2011","AQS","110010043","1","29","ppb","27","MCMILLAN  NCore-PAMS","24","100.0000","42602","Nitrogen dioxide (NO2)","47900","Washington-Arlington-Alexandria, DC-VA-MD-WV","11","District Of Columbia","001","District of Columbia","38.9218470009224","-77.013178"
"11/19/2011","AQS","110010043","1","35","ppb","33","MCMILLAN  NCore-PAMS","24","100.0000","42602","Nitrogen dioxide (NO2)","47900","Washington-Arlington-Alexandria, DC-VA-MD-WV","11","District Of Columbia","001","District of Columbia","38.9218470009224","-77.013178"
"11/20/2011","AQS","110010043","1","35","ppb","33","MCMILLAN  NCore-PAMS","24","100.0000","42602","Nitrogen dioxide (NO2)","47900","Washington-Arlington-Alexandria, DC-VA-MD-WV","11","District Of Columbia","001","District of Columbia","38.9218470009224","-77.013178"
"11/21/2011","AQS","110010043","1","28","ppb","26","MCMILLAN  NCore-PAMS","23","96.0000","42602","Nitrogen dioxide (NO2)","47900","Washington-Arlington-Alexandria, DC-VA-MD-WV","11","District Of Columbia","001","District of Columbia","38.9218470009224","-77.013178"
"11/22/2011","AQS","110010043","1","27","ppb","25","MCMILLAN  NCore-PAMS","24","100.0000","42602","Nitrogen dioxide (NO2)","47900","Washington-Arlington-Alexandria, DC-VA-MD-WV","11","District Of Columbia","001","District of Columbia","38.9218470009224","-77.013178"
"11/23/2011","AQS","110010043","1","25","ppb","24","MCMILLAN  NCore-PAMS","24","100.0000","42602","Nitrogen dioxide (NO2)","47900","Washington-Arlington-Alexandria, DC-VA-MD-WV","11","District Of Columbia","001","District of Columbia","38.9218470009224","-77.013178"
"11/24/2011","AQS","110010043","1","30","ppb","28","MCMILLAN  NCore-PAMS","24","100.0000","42602","Nitrogen dioxide (NO2)","47900","Washington-Arlington-Alexandria, DC-VA-MD-WV","11","District Of Columbia","001","District of Columbia","38.9218470009224","-77.013178"
"11/25/2011","AQS","110010043","1","40","ppb","38","MCMILLAN  NCore-PAMS","24","100.0000","42602","Nitrogen dioxide (NO2)","47900","Washington-Arlington-Alexandria, DC-VA-MD-WV","11","District Of Columbia","001","District of Columbia","38.9218470009224","-77.013178"
"11/26/2011","AQS","110010043","1","39","ppb","37","MCMILLAN  NCore-PAMS","24","100.0000","42602","Nitrogen dioxide (NO2)","47900","Washington-Arlington-Alexandria, DC-VA-MD-WV","11","District Of Columbia","001","District of Columbia","38.9218470009224","-77.013178"
"11/27/2011","AQS","110010043","1","35","ppb","33","MCMILLAN  NCore-PAMS","24","100.0000","42602","Nitrogen dioxide (NO2)","47900","Washington-Arlington-Alexandria, DC-VA-MD-WV","11","District Of Columbia","001","District of Columbia","38.9218470009224","-77.013178"
"11/28/2011","AQS","110010043","1","30","ppb","28","MCMILLAN  NCore-PAMS","24","100.0000","42602","Nitrogen dioxide (NO2)","47900","Washington-Arlington-Alexandria, DC-VA-MD-WV","11","District Of Columbia","001","District of Columbia","38.9218470009224","-77.013178"
"11/29/2011","AQS","110010043","1","23","ppb","22","MCMILLAN  NCore-PAMS","24","100.0000","42602","Nitrogen dioxide (NO2)","47900","Washington-Arlington-Alexandria, DC-VA-MD-WV","11","District Of Columbia","001","District of Columbia","38.9218470009224","-77.013178"
"11/30/2011","AQS","110010043","1","17","ppb","16","MCMILLAN  NCore-PAMS","22","92.0000","42602","Nitrogen dioxide (NO2)","47900","Washington-Arlington-Alexandria, DC-VA-MD-WV","11","District Of Columbia","001","District of Columbia","38.9218470009224","-77.013178"
"12/01/2011","AQS","110010043","1","33","ppb","31","MCMILLAN  NCore-PAMS","23","96.0000","42602","Nitrogen dioxide (NO2)","47900","Washington-Arlington-Alexandria, DC-VA-MD-WV","11","District Of Columbia","001","District of Columbia","38.9218470009224","-77.013178"
"12/02/2011","AQS","110010043","1","54","ppb","51","MCMILLAN  NCore-PAMS","24","100.0000","42602","Nitrogen dioxide (NO2)","47900","Washington-Arlington-Alexandria, DC-VA-MD-WV","11","District Of Columbia","001","District of Columbia","38.9218470009224","-77.013178"
"12/03/2011","AQS","110010043","1","32","ppb","30","MCMILLAN  NCore-PAMS","24","100.0000","42602","Nitrogen dioxide (NO2)","47900","Washington-Arlington-Alexandria, DC-VA-MD-WV","11","District Of Columbia","001","District of Columbia","38.9218470009224","-77.013178"
"12/04/2011","AQS","110010043","1","37","ppb","35","MCMILLAN  NCore-PAMS","24","100.0000","42602","Nitrogen dioxide (NO2)","47900","Washington-Arlington-Alexandria, DC-VA-MD-WV","11","District Of Columbia","001","District of Columbia","38.9218470009224","-77.013178"
"12/05/2011","AQS","110010043","1","44","ppb","42","MCMILLAN  NCore-PAMS","23","96.0000","42602","Nitrogen dioxide (NO2)","47900","Washington-Arlington-Alexandria, DC-VA-MD-WV","11","District Of Columbia","001","District of Columbia","38.9218470009224","-77.013178"
"12/06/2011","AQS","110010043","1","23","ppb","22","MCMILLAN  NCore-PAMS","23","96.0000","42602","Nitrogen dioxide (NO2)","47900","Washington-Arlington-Alexandria, DC-VA-MD-WV","11","District Of Columbia","001","District of Columbia","38.9218470009224","-77.013178"
"12/07/2011","AQS","110010043","1","21","ppb","20","MCMILLAN  NCore-PAMS","24","100.0000","42602","Nitrogen dioxide (NO2)","47900","Washington-Arlington-Alexandria, DC-VA-MD-WV","11","District Of Columbia","001","District of Columbia","38.9218470009224","-77.013178"
"12/08/2011","AQS","110010043","1","34","ppb","32","MCMILLAN  NCore-PAMS","24","100.0000","42602","Nitrogen dioxide (NO2)","47900","Washington-Arlington-Alexandria, DC-VA-MD-WV","11","District Of Columbia","001","District of Columbia","38.9218470009224","-77.013178"
"12/09/2011","AQS","110010043","1","39","ppb","37","MCMILLAN  NCore-PAMS","24","100.0000","42602","Nitrogen dioxide (NO2)","47900","Washington-Arlington-Alexandria, DC-VA-MD-WV","11","District Of Columbia","001","District of Columbia","38.9218470009224","-77.013178"
"12/10/2011","AQS","110010043","1","37","ppb","35","MCMILLAN  NCore-PAMS","24","100.0000","42602","Nitrogen dioxide (NO2)","47900","Washington-Arlington-Alexandria, DC-VA-MD-WV","11","District Of Columbia","001","District of Columbia","38.9218470009224","-77.013178"
"12/11/2011","AQS","110010043","1","38","ppb","36","MCMILLAN  NCore-PAMS","24","100.0000","42602","Nitrogen dioxide (NO2)","47900","Washington-Arlington-Alexandria, DC-VA-MD-WV","11","District Of Columbia","001","District of Columbia","38.9218470009224","-77.013178"
"12/12/2011","AQS","110010043","1","43","ppb","41","MCMILLAN  NCore-PAMS","22","92.0000","42602","Nitrogen dioxide (NO2)","47900","Washington-Arlington-Alexandria, DC-VA-MD-WV","11","District Of Columbia","001","District of Columbia","38.9218470009224","-77.013178"
"12/13/2011","AQS","110010043","1","48","ppb","45","MCMILLAN  NCore-PAMS","22","92.0000","42602","Nitrogen dioxide (NO2)","47900","Washington-Arlington-Alexandria, DC-VA-MD-WV","11","District Of Columbia","001","District of Columbia","38.9218470009224","-77.013178"
"12/14/2011","AQS","110010043","1","72","ppb","70","MCMILLAN  NCore-PAMS","22","92.0000","42602","Nitrogen dioxide (NO2)","47900","Washington-Arlington-Alexandria, DC-VA-MD-WV","11","District Of Columbia","001","District of Columbia","38.9218470009224","-77.013178"
"12/15/2011","AQS","110010043","1","39","ppb","37","MCMILLAN  NCore-PAMS","24","100.0000","42602","Nitrogen dioxide (NO2)","47900","Washington-Arlington-Alexandria, DC-VA-MD-WV","11","District Of Columbia","001","District of Columbia","38.9218470009224","-77.013178"
"12/16/2011","AQS","110010043","1","19","ppb","18","MCMILLAN  NCore-PAMS","24","100.0000","42602","Nitrogen dioxide (NO2)","47900","Washington-Arlington-Alexandria, DC-VA-MD-WV","11","District Of Columbia","001","District of Columbia","38.9218470009224","-77.013178"
"12/17/2011","AQS","110010043","1","19","ppb","18","MCMILLAN  NCore-PAMS","24","100.0000","42602","Nitrogen dioxide (NO2)","47900","Washington-Arlington-Alexandria, DC-VA-MD-WV","11","District Of Columbia","001","District of Columbia","38.9218470009224","-77.013178"
"12/18/2011","AQS","110010043","1","32","ppb","30","MCMILLAN  NCore-PAMS","24","100.0000","42602","Nitrogen dioxide (NO2)","47900","Washington-Arlington-Alexandria, DC-VA-MD-WV","11","District Of Columbia","001","District of Columbia","38.9218470009224","-77.013178"
"12/19/2011","AQS","110010043","1","37","ppb","35","MCMILLAN  NCore-PAMS","24","100.0000","42602","Nitrogen dioxide (NO2)","47900","Washington-Arlington-Alexandria, DC-VA-MD-WV","11","District Of Columbia","001","District of Columbia","38.9218470009224","-77.013178"
"12/20/2011","AQS","110010043","1","33","ppb","31","MCMILLAN  NCore-PAMS","24","100.0000","42602","Nitrogen dioxide (NO2)","47900","Washington-Arlington-Alexandria, DC-VA-MD-WV","11","District Of Columbia","001","District of Columbia","38.9218470009224","-77.013178"
"12/21/2011","AQS","110010043","1","31","ppb","29","MCMILLAN  NCore-PAMS","24","100.0000","42602","Nitrogen dioxide (NO2)","47900","Washington-Arlington-Alexandria, DC-VA-MD-WV","11","District Of Columbia","001","District of Columbia","38.9218470009224","-77.013178"
"12/22/2011","AQS","110010043","1","47","ppb","44","MCMILLAN  NCore-PAMS","24","100.0000","42602","Nitrogen dioxide (NO2)","47900","Washington-Arlington-Alexandria, DC-VA-MD-WV","11","District Of Columbia","001","District of Columbia","38.9218470009224","-77.013178"
"12/23/2011","AQS","110010043","1","21","ppb","20","MCMILLAN  NCore-PAMS","24","100.0000","42602","Nitrogen dioxide (NO2)","47900","Washington-Arlington-Alexandria, DC-VA-MD-WV","11","District Of Columbia","001","District of Columbia","38.9218470009224","-77.013178"
"12/24/2011","AQS","110010043","1","36","ppb","34","MCMILLAN  NCore-PAMS","24","100.0000","42602","Nitrogen dioxide (NO2)","47900","Washington-Arlington-Alexandria, DC-VA-MD-WV","11","District Of Columbia","001","District of Columbia","38.9218470009224","-77.013178"
"12/25/2011","AQS","110010043","1","31","ppb","29","MCMILLAN  NCore-PAMS","24","100.0000","42602","Nitrogen dioxide (NO2)","47900","Washington-Arlington-Alexandria, DC-VA-MD-WV","11","District Of Columbia","001","District of Columbia","38.9218470009224","-77.013178"
"12/26/2011","AQS","110010043","1","34","ppb","32","MCMILLAN  NCore-PAMS","24","100.0000","42602","Nitrogen dioxide (NO2)","47900","Washington-Arlington-Alexandria, DC-VA-MD-WV","11","District Of Columbia","001","District of Columbia","38.9218470009224","-77.013178"
"12/27/2011","AQS","110010043","1","28","ppb","26","MCMILLAN  NCore-PAMS","24","100.0000","42602","Nitrogen dioxide (NO2)","47900","Washington-Arlington-Alexandria, DC-VA-MD-WV","11","District Of Columbia","001","District of Columbia","38.9218470009224","-77.013178"
"12/28/2011","AQS","110010043","1","14","ppb","13","MCMILLAN  NCore-PAMS","22","92.0000","42602","Nitrogen dioxide (NO2)","47900","Washington-Arlington-Alexandria, DC-VA-MD-WV","11","District Of Columbia","001","District of Columbia","38.9218470009224","-77.013178"
"12/29/2011","AQS","110010043","1","33","ppb","31","MCMILLAN  NCore-PAMS","24","100.0000","42602","Nitrogen dioxide (NO2)","47900","Washington-Arlington-Alexandria, DC-VA-MD-WV","11","District Of Columbia","001","District of Columbia","38.9218470009224","-77.013178"
"12/30/2011","AQS","110010043","1","33","ppb","31","MCMILLAN  NCore-PAMS","24","100.0000","42602","Nitrogen dioxide (NO2)","47900","Washington-Arlington-Alexandria, DC-VA-MD-WV","11","District Of Columbia","001","District of Columbia","38.9218470009224","-77.013178"
"12/31/2011","AQS","110010043","1","20","ppb","19","MCMILLAN  NCore-PAMS","24","100.0000","42602","Nitrogen dioxide (NO2)","47900","Washington-Arlington-Alexandria, DC-VA-MD-WV","11","District Of Columbia","001","District of Columbia","38.9218470009224","-77.013178"
