"Date","Source","Site ID","POC","Daily Mean PM2.5 Concentration","UNITS","DAILY_AQI_VALUE","Site Name","DAILY_OBS_COUNT","PERCENT_COMPLETE","AQS_PARAMETER_CODE","AQS_PARAMETER_DESC","CBSA_CODE","CBSA_NAME","STATE_CODE","STATE","COUNTY_CODE","COUNTY","SITE_LATITUDE","SITE_LONGITUDE"
"01/02/2022","AQS","240330030","1","2","ug/m3 LC","8","HU-Beltsville","1","100.0000","88101","PM2.5 - Local Conditions","47900","Washington-Arlington-Alexandria, DC-VA-MD-WV","24","Maryland","033","Prince George's","39.055277","-76.878333"
"01/05/2022","AQS","240330030","1","6.6","ug/m3 LC","28","HU-Beltsville","1","100.0000","88101","PM2.5 - Local Conditions","47900","Washington-Arlington-Alexandria, DC-VA-MD-WV","24","Maryland","033","Prince George's","39.055277","-76.878333"
"01/08/2022","AQS","240330030","1","6.2","ug/m3 LC","26","HU-Beltsville","1","100.0000","88101","PM2.5 - Local Conditions","47900","Washington-Arlington-Alexandria, DC-VA-MD-WV","24","Maryland","033","Prince George's","39.055277","-76.878333"
"01/11/2022","AQS","240330030","1","3.4","ug/m3 LC","14","HU-Beltsville","1","100.0000","88101","PM2.5 - Local Conditions","47900","Washington-Arlington-Alexandria, DC-VA-MD-WV","24","Maryland","033","Prince George's","39.055277","-76.878333"
"01/14/2022","AQS","240330030","1","10","ug/m3 LC","42","HU-Beltsville","1","100.0000","88101","PM2.5 - Local Conditions","47900","Washington-Arlington-Alexandria, DC-VA-MD-WV","24","Maryland","033","Prince George's","39.055277","-76.878333"
"02/10/2022","AQS","240330030","1","3.9","ug/m3 LC","16","HU-Beltsville","1","100.0000","88101","PM2.5 - Local Conditions","47900","Washington-Arlington-Alexandria, DC-VA-MD-WV","24","Maryland","033","Prince George's","39.055277","-76.878333"
"02/11/2022","AQS","240330030","1","6","ug/m3 LC","25","HU-Beltsville","1","100.0000","88101","PM2.5 - Local Conditions","47900","Washington-Arlington-Alexandria, DC-VA-MD-WV","24","Maryland","033","Prince George's","39.055277","-76.878333"
"02/13/2022","AQS","240330030","1","5.1","ug/m3 LC","21","HU-Beltsville","1","100.0000","88101","PM2.5 - Local Conditions","47900","Washington-Arlington-Alexandria, DC-VA-MD-WV","24","Maryland","033","Prince George's","39.055277","-76.878333"
"02/14/2022","AQS","240330030","1","5.9","ug/m3 LC","25","HU-Beltsville","1","100.0000","88101","PM2.5 - Local Conditions","47900","Washington-Arlington-Alexandria, DC-VA-MD-WV","24","Maryland","033","Prince George's","39.055277","-76.878333"
"02/16/2022","AQS","240330030","1","7.1","ug/m3 LC","30","HU-Beltsville","1","100.0000","88101","PM2.5 - Local Conditions","47900","Washington-Arlington-Alexandria, DC-VA-MD-WV","24","Maryland","033","Prince George's","39.055277","-76.878333"
"02/19/2022","AQS","240330030","1","3.3","ug/m3 LC","14","HU-Beltsville","1","100.0000","88101","PM2.5 - Local Conditions","47900","Washington-Arlington-Alexandria, DC-VA-MD-WV","24","Maryland","033","Prince George's","39.055277","-76.878333"
"02/22/2022","AQS","240330030","1","5.4","ug/m3 LC","23","HU-Beltsville","1","100.0000","88101","PM2.5 - Local Conditions","47900","Washington-Arlington-Alexandria, DC-VA-MD-WV","24","Maryland","033","Prince George's","39.055277","-76.878333"
"02/25/2022","AQS","240330030","1","2.2","ug/m3 LC","9","HU-Beltsville","1","100.0000","88101","PM2.5 - Local Conditions","47900","Washington-Arlington-Alexandria, DC-VA-MD-WV","24","Maryland","033","Prince George's","39.055277","-76.878333"
"02/28/2022","AQS","240330030","1","4.3","ug/m3 LC","18","HU-Beltsville","1","100.0000","88101","PM2.5 - Local Conditions","47900","Washington-Arlington-Alexandria, DC-VA-MD-WV","24","Maryland","033","Prince George's","39.055277","-76.878333"
"03/05/2022","AQS","240330030","1","4.1","ug/m3 LC","17","HU-Beltsville","1","100.0000","88101","PM2.5 - Local Conditions","47900","Washington-Arlington-Alexandria, DC-VA-MD-WV","24","Maryland","033","Prince George's","39.055277","-76.878333"
"03/06/2022","AQS","240330030","1","9.9","ug/m3 LC","41","HU-Beltsville","1","100.0000","88101","PM2.5 - Local Conditions","47900","Washington-Arlington-Alexandria, DC-VA-MD-WV","24","Maryland","033","Prince George's","39.055277","-76.878333"
"03/09/2022","AQS","240330030","1","2.6","ug/m3 LC","11","HU-Beltsville","1","100.0000","88101","PM2.5 - Local Conditions","47900","Washington-Arlington-Alexandria, DC-VA-MD-WV","24","Maryland","033","Prince George's","39.055277","-76.878333"
"03/12/2022","AQS","240330030","1","3.3","ug/m3 LC","14","HU-Beltsville","1","100.0000","88101","PM2.5 - Local Conditions","47900","Washington-Arlington-Alexandria, DC-VA-MD-WV","24","Maryland","033","Prince George's","39.055277","-76.878333"
"03/15/2022","AQS","240330030","1","5.7","ug/m3 LC","24","HU-Beltsville","1","100.0000","88101","PM2.5 - Local Conditions","47900","Washington-Arlington-Alexandria, DC-VA-MD-WV","24","Maryland","033","Prince George's","39.055277","-76.878333"
"03/18/2022","AQS","240330030","1","6.4","ug/m3 LC","27","HU-Beltsville","1","100.0000","88101","PM2.5 - Local Conditions","47900","Washington-Arlington-Alexandria, DC-VA-MD-WV","24","Maryland","033","Prince George's","39.055277","-76.878333"
"03/21/2022","AQS","240330030","1","3.9","ug/m3 LC","16","HU-Beltsville","1","100.0000","88101","PM2.5 - Local Conditions","47900","Washington-Arlington-Alexandria, DC-VA-MD-WV","24","Maryland","033","Prince George's","39.055277","-76.878333"
"03/24/2022","AQS","240330030","1","5.6","ug/m3 LC","23","HU-Beltsville","1","100.0000","88101","PM2.5 - Local Conditions","47900","Washington-Arlington-Alexandria, DC-VA-MD-WV","24","Maryland","033","Prince George's","39.055277","-76.878333"
"03/27/2022","AQS","240330030","1","1","ug/m3 LC","4","HU-Beltsville","1","100.0000","88101","PM2.5 - Local Conditions","47900","Washington-Arlington-Alexandria, DC-VA-MD-WV","24","Maryland","033","Prince George's","39.055277","-76.878333"
"03/30/2022","AQS","240330030","1","4.9","ug/m3 LC","20","HU-Beltsville","1","100.0000","88101","PM2.5 - Local Conditions","47900","Washington-Arlington-Alexandria, DC-VA-MD-WV","24","Maryland","033","Prince George's","39.055277","-76.878333"
"01/05/2022","AQS","240330030","2","6.9","ug/m3 LC","29","HU-Beltsville","1","100.0000","88101","PM2.5 - Local Conditions","47900","Washington-Arlington-Alexandria, DC-VA-MD-WV","24","Maryland","033","Prince George's","39.055277","-76.878333"
"02/25/2022","AQS","240330030","2","2.2","ug/m3 LC","9","HU-Beltsville","1","100.0000","88101","PM2.5 - Local Conditions","47900","Washington-Arlington-Alexandria, DC-VA-MD-WV","24","Maryland","033","Prince George's","39.055277","-76.878333"
"03/06/2022","AQS","240330030","2","10.3","ug/m3 LC","43","HU-Beltsville","1","100.0000","88101","PM2.5 - Local Conditions","47900","Washington-Arlington-Alexandria, DC-VA-MD-WV","24","Maryland","033","Prince George's","39.055277","-76.878333"
"03/18/2022","AQS","240330030","2","6.8","ug/m3 LC","28","HU-Beltsville","1","100.0000","88101","PM2.5 - Local Conditions","47900","Washington-Arlington-Alexandria, DC-VA-MD-WV","24","Maryland","033","Prince George's","39.055277","-76.878333"
"03/30/2022","AQS","240330030","2","5.2","ug/m3 LC","22","HU-Beltsville","1","100.0000","88101","PM2.5 - Local Conditions","47900","Washington-Arlington-Alexandria, DC-VA-MD-WV","24","Maryland","033","Prince George's","39.055277","-76.878333"
"01/01/2022","AirNow","240330030","3","5.9","ug/m3 LC","25","HU-Beltsville","1","100.0000","88101","PM2.5 - Local Conditions","47900","Washington-Arlington-Alexandria, DC-VA-MD-WV","24","Maryland","033","Prince George's","39.055277","-76.878333"
"01/05/2022","AirNow","240330030","3","7.4","ug/m3 LC","31","HU-Beltsville","1","100.0000","88101","PM2.5 - Local Conditions","47900","Washington-Arlington-Alexandria, DC-VA-MD-WV","24","Maryland","033","Prince George's","39.055277","-76.878333"
"01/06/2022","AirNow","240330030","3","9.1","ug/m3 LC","38","HU-Beltsville","1","100.0000","88101","PM2.5 - Local Conditions","47900","Washington-Arlington-Alexandria, DC-VA-MD-WV","24","Maryland","033","Prince George's","39.055277","-76.878333"
"01/07/2022","AirNow","240330030","3","8","ug/m3 LC","33","HU-Beltsville","1","100.0000","88101","PM2.5 - Local Conditions","47900","Washington-Arlington-Alexandria, DC-VA-MD-WV","24","Maryland","033","Prince George's","39.055277","-76.878333"
"01/08/2022","AirNow","240330030","3","7.2","ug/m3 LC","30","HU-Beltsville","1","100.0000","88101","PM2.5 - Local Conditions","47900","Washington-Arlington-Alexandria, DC-VA-MD-WV","24","Maryland","033","Prince George's","39.055277","-76.878333"
"01/09/2022","AirNow","240330030","3","8.6","ug/m3 LC","36","HU-Beltsville","1","100.0000","88101","PM2.5 - Local Conditions","47900","Washington-Arlington-Alexandria, DC-VA-MD-WV","24","Maryland","033","Prince George's","39.055277","-76.878333"
"01/10/2022","AirNow","240330030","3","4.4","ug/m3 LC","18","HU-Beltsville","1","100.0000","88101","PM2.5 - Local Conditions","47900","Washington-Arlington-Alexandria, DC-VA-MD-WV","24","Maryland","033","Prince George's","39.055277","-76.878333"
"01/11/2022","AirNow","240330030","3","5.8","ug/m3 LC","24","HU-Beltsville","1","100.0000","88101","PM2.5 - Local Conditions","47900","Washington-Arlington-Alexandria, DC-VA-MD-WV","24","Maryland","033","Prince George's","39.055277","-76.878333"
"01/12/2022","AirNow","240330030","3","7.9","ug/m3 LC","33","HU-Beltsville","1","100.0000","88101","PM2.5 - Local Conditions","47900","Washington-Arlington-Alexandria, DC-VA-MD-WV","24","Maryland","033","Prince George's","39.055277","-76.878333"
"01/13/2022","AirNow","240330030","3","14.8","ug/m3 LC","57","HU-Beltsville","1","100.0000","88101","PM2.5 - Local Conditions","47900","Washington-Arlington-Alexandria, DC-VA-MD-WV","24","Maryland","033","Prince George's","39.055277","-76.878333"
"01/14/2022","AirNow","240330030","3","11.5","ug/m3 LC","48","HU-Beltsville","1","100.0000","88101","PM2.5 - Local Conditions","47900","Washington-Arlington-Alexandria, DC-VA-MD-WV","24","Maryland","033","Prince George's","39.055277","-76.878333"
"01/15/2022","AirNow","240330030","3","4.7","ug/m3 LC","20","HU-Beltsville","1","100.0000","88101","PM2.5 - Local Conditions","47900","Washington-Arlington-Alexandria, DC-VA-MD-WV","24","Maryland","033","Prince George's","39.055277","-76.878333"
"01/16/2022","AirNow","240330030","3","7","ug/m3 LC","29","HU-Beltsville","1","100.0000","88101","PM2.5 - Local Conditions","47900","Washington-Arlington-Alexandria, DC-VA-MD-WV","24","Maryland","033","Prince George's","39.055277","-76.878333"
"01/17/2022","AirNow","240330030","3","5.5","ug/m3 LC","23","HU-Beltsville","1","100.0000","88101","PM2.5 - Local Conditions","47900","Washington-Arlington-Alexandria, DC-VA-MD-WV","24","Maryland","033","Prince George's","39.055277","-76.878333"
"01/18/2022","AirNow","240330030","3","5.2","ug/m3 LC","22","HU-Beltsville","1","100.0000","88101","PM2.5 - Local Conditions","47900","Washington-Arlington-Alexandria, DC-VA-MD-WV","24","Maryland","033","Prince George's","39.055277","-76.878333"
"01/19/2022","AirNow","240330030","3","6.8","ug/m3 LC","28","HU-Beltsville","1","100.0000","88101","PM2.5 - Local Conditions","47900","Washington-Arlington-Alexandria, DC-VA-MD-WV","24","Maryland","033","Prince George's","39.055277","-76.878333"
"01/20/2022","AirNow","240330030","3","6.5","ug/m3 LC","27","HU-Beltsville","1","100.0000","88101","PM2.5 - Local Conditions","47900","Washington-Arlington-Alexandria, DC-VA-MD-WV","24","Maryland","033","Prince George's","39.055277","-76.878333"
"01/21/2022","AirNow","240330030","3","5.6","ug/m3 LC","23","HU-Beltsville","1","100.0000","88101","PM2.5 - Local Conditions","47900","Washington-Arlington-Alexandria, DC-VA-MD-WV","24","Maryland","033","Prince George's","39.055277","-76.878333"
"01/22/2022","AirNow","240330030","3","5.9","ug/m3 LC","25","HU-Beltsville","1","100.0000","88101","PM2.5 - Local Conditions","47900","Washington-Arlington-Alexandria, DC-VA-MD-WV","24","Maryland","033","Prince George's","39.055277","-76.878333"
"01/23/2022","AirNow","240330030","3","10.4","ug/m3 LC","43","HU-Beltsville","1","100.0000","88101","PM2.5 - Local Conditions","47900","Washington-Arlington-Alexandria, DC-VA-MD-WV","24","Maryland","033","Prince George's","39.055277","-76.878333"
"01/24/2022","AirNow","240330030","3","10.7","ug/m3 LC","45","HU-Beltsville","1","100.0000","88101","PM2.5 - Local Conditions","47900","Washington-Arlington-Alexandria, DC-VA-MD-WV","24","Maryland","033","Prince George's","39.055277","-76.878333"
"01/25/2022","AirNow","240330030","3","8.5","ug/m3 LC","35","HU-Beltsville","1","100.0000","88101","PM2.5 - Local Conditions","47900","Washington-Arlington-Alexandria, DC-VA-MD-WV","24","Maryland","033","Prince George's","39.055277","-76.878333"
"01/26/2022","AirNow","240330030","3","7","ug/m3 LC","29","HU-Beltsville","1","100.0000","88101","PM2.5 - Local Conditions","47900","Washington-Arlington-Alexandria, DC-VA-MD-WV","24","Maryland","033","Prince George's","39.055277","-76.878333"
"01/27/2022","AirNow","240330030","3","12.9","ug/m3 LC","53","HU-Beltsville","1","100.0000","88101","PM2.5 - Local Conditions","47900","Washington-Arlington-Alexandria, DC-VA-MD-WV","24","Maryland","033","Prince George's","39.055277","-76.878333"
"01/28/2022","AirNow","240330030","3","13.5","ug/m3 LC","54","HU-Beltsville","1","100.0000","88101","PM2.5 - Local Conditions","47900","Washington-Arlington-Alexandria, DC-VA-MD-WV","24","Maryland","033","Prince George's","39.055277","-76.878333"
"01/29/2022","AirNow","240330030","3","5.9","ug/m3 LC","25","HU-Beltsville","1","100.0000","88101","PM2.5 - Local Conditions","47900","Washington-Arlington-Alexandria, DC-VA-MD-WV","24","Maryland","033","Prince George's","39.055277","-76.878333"
"01/30/2022","AirNow","240330030","3","6.7","ug/m3 LC","28","HU-Beltsville","1","100.0000","88101","PM2.5 - Local Conditions","47900","Washington-Arlington-Alexandria, DC-VA-MD-WV","24","Maryland","033","Prince George's","39.055277","-76.878333"
"01/31/2022","AirNow","240330030","3","11.5","ug/m3 LC","48","HU-Beltsville","1","100.0000","88101","PM2.5 - Local Conditions","47900","Washington-Arlington-Alexandria, DC-VA-MD-WV","24","Maryland","033","Prince George's","39.055277","-76.878333"
"02/01/2022","AirNow","240330030","3","12.5","ug/m3 LC","52","HU-Beltsville","1","100.0000","88101","PM2.5 - Local Conditions","47900","Washington-Arlington-Alexandria, DC-VA-MD-WV","24","Maryland","033","Prince George's","39.055277","-76.878333"
"02/02/2022","AirNow","240330030","3","10.4","ug/m3 LC","43","HU-Beltsville","1","100.0000","88101","PM2.5 - Local Conditions","47900","Washington-Arlington-Alexandria, DC-VA-MD-WV","24","Maryland","033","Prince George's","39.055277","-76.878333"
"02/03/2022","AirNow","240330030","3","4.9","ug/m3 LC","20","HU-Beltsville","1","100.0000","88101","PM2.5 - Local Conditions","47900","Washington-Arlington-Alexandria, DC-VA-MD-WV","24","Maryland","033","Prince George's","39.055277","-76.878333"
"02/04/2022","AirNow","240330030","3","3.1","ug/m3 LC","13","HU-Beltsville","1","100.0000","88101","PM2.5 - Local Conditions","47900","Washington-Arlington-Alexandria, DC-VA-MD-WV","24","Maryland","033","Prince George's","39.055277","-76.878333"
"02/05/2022","AirNow","240330030","3","5.8","ug/m3 LC","24","HU-Beltsville","1","100.0000","88101","PM2.5 - Local Conditions","47900","Washington-Arlington-Alexandria, DC-VA-MD-WV","24","Maryland","033","Prince George's","39.055277","-76.878333"
"02/06/2022","AirNow","240330030","3","5.8","ug/m3 LC","24","HU-Beltsville","1","100.0000","88101","PM2.5 - Local Conditions","47900","Washington-Arlington-Alexandria, DC-VA-MD-WV","24","Maryland","033","Prince George's","39.055277","-76.878333"
"02/07/2022","AirNow","240330030","3","9.2","ug/m3 LC","38","HU-Beltsville","1","100.0000","88101","PM2.5 - Local Conditions","47900","Washington-Arlington-Alexandria, DC-VA-MD-WV","24","Maryland","033","Prince George's","39.055277","-76.878333"
"02/08/2022","AirNow","240330030","3","8.5","ug/m3 LC","35","HU-Beltsville","1","100.0000","88101","PM2.5 - Local Conditions","47900","Washington-Arlington-Alexandria, DC-VA-MD-WV","24","Maryland","033","Prince George's","39.055277","-76.878333"
"02/09/2022","AirNow","240330030","3","8.1","ug/m3 LC","34","HU-Beltsville","1","100.0000","88101","PM2.5 - Local Conditions","47900","Washington-Arlington-Alexandria, DC-VA-MD-WV","24","Maryland","033","Prince George's","39.055277","-76.878333"
"02/10/2022","AirNow","240330030","3","5.9","ug/m3 LC","25","HU-Beltsville","1","100.0000","88101","PM2.5 - Local Conditions","47900","Washington-Arlington-Alexandria, DC-VA-MD-WV","24","Maryland","033","Prince George's","39.055277","-76.878333"
"02/11/2022","AirNow","240330030","3","5.9","ug/m3 LC","25","HU-Beltsville","1","100.0000","88101","PM2.5 - Local Conditions","47900","Washington-Arlington-Alexandria, DC-VA-MD-WV","24","Maryland","033","Prince George's","39.055277","-76.878333"
"02/12/2022","AirNow","240330030","3","7","ug/m3 LC","29","HU-Beltsville","1","100.0000","88101","PM2.5 - Local Conditions","47900","Washington-Arlington-Alexandria, DC-VA-MD-WV","24","Maryland","033","Prince George's","39.055277","-76.878333"
"02/13/2022","AirNow","240330030","3","7.2","ug/m3 LC","30","HU-Beltsville","1","100.0000","88101","PM2.5 - Local Conditions","47900","Washington-Arlington-Alexandria, DC-VA-MD-WV","24","Maryland","033","Prince George's","39.055277","-76.878333"
"02/14/2022","AirNow","240330030","3","8","ug/m3 LC","33","HU-Beltsville","1","100.0000","88101","PM2.5 - Local Conditions","47900","Washington-Arlington-Alexandria, DC-VA-MD-WV","24","Maryland","033","Prince George's","39.055277","-76.878333"
"02/15/2022","AirNow","240330030","3","12.5","ug/m3 LC","52","HU-Beltsville","1","100.0000","88101","PM2.5 - Local Conditions","47900","Washington-Arlington-Alexandria, DC-VA-MD-WV","24","Maryland","033","Prince George's","39.055277","-76.878333"
"02/16/2022","AirNow","240330030","3","9.2","ug/m3 LC","38","HU-Beltsville","1","100.0000","88101","PM2.5 - Local Conditions","47900","Washington-Arlington-Alexandria, DC-VA-MD-WV","24","Maryland","033","Prince George's","39.055277","-76.878333"
"02/17/2022","AirNow","240330030","3","5.9","ug/m3 LC","25","HU-Beltsville","1","100.0000","88101","PM2.5 - Local Conditions","47900","Washington-Arlington-Alexandria, DC-VA-MD-WV","24","Maryland","033","Prince George's","39.055277","-76.878333"
"02/18/2022","AirNow","240330030","3","4.6","ug/m3 LC","19","HU-Beltsville","1","100.0000","88101","PM2.5 - Local Conditions","47900","Washington-Arlington-Alexandria, DC-VA-MD-WV","24","Maryland","033","Prince George's","39.055277","-76.878333"
"02/19/2022","AirNow","240330030","3","5.3","ug/m3 LC","22","HU-Beltsville","1","100.0000","88101","PM2.5 - Local Conditions","47900","Washington-Arlington-Alexandria, DC-VA-MD-WV","24","Maryland","033","Prince George's","39.055277","-76.878333"
"02/20/2022","AirNow","240330030","3","3.8","ug/m3 LC","16","HU-Beltsville","1","100.0000","88101","PM2.5 - Local Conditions","47900","Washington-Arlington-Alexandria, DC-VA-MD-WV","24","Maryland","033","Prince George's","39.055277","-76.878333"
"02/21/2022","AirNow","240330030","3","6.1","ug/m3 LC","25","HU-Beltsville","1","100.0000","88101","PM2.5 - Local Conditions","47900","Washington-Arlington-Alexandria, DC-VA-MD-WV","24","Maryland","033","Prince George's","39.055277","-76.878333"
"02/22/2022","AirNow","240330030","3","5.5","ug/m3 LC","23","HU-Beltsville","1","100.0000","88101","PM2.5 - Local Conditions","47900","Washington-Arlington-Alexandria, DC-VA-MD-WV","24","Maryland","033","Prince George's","39.055277","-76.878333"
"03/01/2022","AQS","240330030","3","7.6","ug/m3 LC","32","HU-Beltsville","1","100.0000","88101","PM2.5 - Local Conditions","47900","Washington-Arlington-Alexandria, DC-VA-MD-WV","24","Maryland","033","Prince George's","39.055277","-76.878333"
"03/02/2022","AQS","240330030","3","7.5","ug/m3 LC","31","HU-Beltsville","1","100.0000","88101","PM2.5 - Local Conditions","47900","Washington-Arlington-Alexandria, DC-VA-MD-WV","24","Maryland","033","Prince George's","39.055277","-76.878333"
"03/03/2022","AQS","240330030","3","3.7","ug/m3 LC","15","HU-Beltsville","1","100.0000","88101","PM2.5 - Local Conditions","47900","Washington-Arlington-Alexandria, DC-VA-MD-WV","24","Maryland","033","Prince George's","39.055277","-76.878333"
"03/04/2022","AQS","240330030","3","5.3","ug/m3 LC","22","HU-Beltsville","1","100.0000","88101","PM2.5 - Local Conditions","47900","Washington-Arlington-Alexandria, DC-VA-MD-WV","24","Maryland","033","Prince George's","39.055277","-76.878333"
"03/05/2022","AQS","240330030","3","3.8","ug/m3 LC","16","HU-Beltsville","1","100.0000","88101","PM2.5 - Local Conditions","47900","Washington-Arlington-Alexandria, DC-VA-MD-WV","24","Maryland","033","Prince George's","39.055277","-76.878333"
"03/06/2022","AQS","240330030","3","11","ug/m3 LC","46","HU-Beltsville","1","100.0000","88101","PM2.5 - Local Conditions","47900","Washington-Arlington-Alexandria, DC-VA-MD-WV","24","Maryland","033","Prince George's","39.055277","-76.878333"
"03/09/2022","AQS","240330030","3","4.1","ug/m3 LC","17","HU-Beltsville","1","100.0000","88101","PM2.5 - Local Conditions","47900","Washington-Arlington-Alexandria, DC-VA-MD-WV","24","Maryland","033","Prince George's","39.055277","-76.878333"
"03/10/2022","AQS","240330030","3","7.3","ug/m3 LC","30","HU-Beltsville","1","100.0000","88101","PM2.5 - Local Conditions","47900","Washington-Arlington-Alexandria, DC-VA-MD-WV","24","Maryland","033","Prince George's","39.055277","-76.878333"
"03/11/2022","AQS","240330030","3","6.5","ug/m3 LC","27","HU-Beltsville","1","100.0000","88101","PM2.5 - Local Conditions","47900","Washington-Arlington-Alexandria, DC-VA-MD-WV","24","Maryland","033","Prince George's","39.055277","-76.878333"
"03/12/2022","AQS","240330030","3","5.7","ug/m3 LC","24","HU-Beltsville","1","100.0000","88101","PM2.5 - Local Conditions","47900","Washington-Arlington-Alexandria, DC-VA-MD-WV","24","Maryland","033","Prince George's","39.055277","-76.878333"
"03/13/2022","AQS","240330030","3","4.3","ug/m3 LC","18","HU-Beltsville","1","100.0000","88101","PM2.5 - Local Conditions","47900","Washington-Arlington-Alexandria, DC-VA-MD-WV","24","Maryland","033","Prince George's","39.055277","-76.878333"
"03/14/2022","AQS","240330030","3","5.7","ug/m3 LC","24","HU-Beltsville","1","100.0000","88101","PM2.5 - Local Conditions","47900","Washington-Arlington-Alexandria, DC-VA-MD-WV","24","Maryland","033","Prince George's","39.055277","-76.878333"
"03/15/2022","AQS","240330030","3","6.1","ug/m3 LC","25","HU-Beltsville","1","100.0000","88101","PM2.5 - Local Conditions","47900","Washington-Arlington-Alexandria, DC-VA-MD-WV","24","Maryland","033","Prince George's","39.055277","-76.878333"
"03/16/2022","AQS","240330030","3","9.3","ug/m3 LC","39","HU-Beltsville","1","100.0000","88101","PM2.5 - Local Conditions","47900","Washington-Arlington-Alexandria, DC-VA-MD-WV","24","Maryland","033","Prince George's","39.055277","-76.878333"
"03/17/2022","AQS","240330030","3","9.7","ug/m3 LC","40","HU-Beltsville","1","100.0000","88101","PM2.5 - Local Conditions","47900","Washington-Arlington-Alexandria, DC-VA-MD-WV","24","Maryland","033","Prince George's","39.055277","-76.878333"
"03/18/2022","AQS","240330030","3","7.7","ug/m3 LC","32","HU-Beltsville","1","100.0000","88101","PM2.5 - Local Conditions","47900","Washington-Arlington-Alexandria, DC-VA-MD-WV","24","Maryland","033","Prince George's","39.055277","-76.878333"
"03/19/2022","AQS","240330030","3","5.4","ug/m3 LC","23","HU-Beltsville","1","100.0000","88101","PM2.5 - Local Conditions","47900","Washington-Arlington-Alexandria, DC-VA-MD-WV","24","Maryland","033","Prince George's","39.055277","-76.878333"
"03/20/2022","AQS","240330030","3","1.1","ug/m3 LC","5","HU-Beltsville","1","100.0000","88101","PM2.5 - Local Conditions","47900","Washington-Arlington-Alexandria, DC-VA-MD-WV","24","Maryland","033","Prince George's","39.055277","-76.878333"
"03/21/2022","AQS","240330030","3","3.3","ug/m3 LC","14","HU-Beltsville","1","100.0000","88101","PM2.5 - Local Conditions","47900","Washington-Arlington-Alexandria, DC-VA-MD-WV","24","Maryland","033","Prince George's","39.055277","-76.878333"
"03/22/2022","AQS","240330030","3","5.9","ug/m3 LC","25","HU-Beltsville","1","100.0000","88101","PM2.5 - Local Conditions","47900","Washington-Arlington-Alexandria, DC-VA-MD-WV","24","Maryland","033","Prince George's","39.055277","-76.878333"
"03/23/2022","AQS","240330030","3","4.1","ug/m3 LC","17","HU-Beltsville","1","100.0000","88101","PM2.5 - Local Conditions","47900","Washington-Arlington-Alexandria, DC-VA-MD-WV","24","Maryland","033","Prince George's","39.055277","-76.878333"
"03/24/2022","AQS","240330030","3","5.5","ug/m3 LC","23","HU-Beltsville","1","100.0000","88101","PM2.5 - Local Conditions","47900","Washington-Arlington-Alexandria, DC-VA-MD-WV","24","Maryland","033","Prince George's","39.055277","-76.878333"
"03/25/2022","AQS","240330030","3","3.7","ug/m3 LC","15","HU-Beltsville","1","100.0000","88101","PM2.5 - Local Conditions","47900","Washington-Arlington-Alexandria, DC-VA-MD-WV","24","Maryland","033","Prince George's","39.055277","-76.878333"
"03/26/2022","AQS","240330030","3","0.8","ug/m3 LC","3","HU-Beltsville","1","100.0000","88101","PM2.5 - Local Conditions","47900","Washington-Arlington-Alexandria, DC-VA-MD-WV","24","Maryland","033","Prince George's","39.055277","-76.878333"
"03/27/2022","AQS","240330030","3","1.3","ug/m3 LC","5","HU-Beltsville","1","100.0000","88101","PM2.5 - Local Conditions","47900","Washington-Arlington-Alexandria, DC-VA-MD-WV","24","Maryland","033","Prince George's","39.055277","-76.878333"
"03/28/2022","AQS","240330030","3","4.2","ug/m3 LC","18","HU-Beltsville","1","100.0000","88101","PM2.5 - Local Conditions","47900","Washington-Arlington-Alexandria, DC-VA-MD-WV","24","Maryland","033","Prince George's","39.055277","-76.878333"
"03/29/2022","AQS","240330030","3","4.7","ug/m3 LC","20","HU-Beltsville","1","100.0000","88101","PM2.5 - Local Conditions","47900","Washington-Arlington-Alexandria, DC-VA-MD-WV","24","Maryland","033","Prince George's","39.055277","-76.878333"
"03/30/2022","AQS","240330030","3","7.2","ug/m3 LC","30","HU-Beltsville","1","100.0000","88101","PM2.5 - Local Conditions","47900","Washington-Arlington-Alexandria, DC-VA-MD-WV","24","Maryland","033","Prince George's","39.055277","-76.878333"
"03/31/2022","AQS","240330030","3","7.3","ug/m3 LC","30","HU-Beltsville","1","100.0000","88101","PM2.5 - Local Conditions","47900","Washington-Arlington-Alexandria, DC-VA-MD-WV","24","Maryland","033","Prince George's","39.055277","-76.878333"
"04/01/2022","AirNow","240330030","3","2.3","ug/m3 LC","10","HU-Beltsville","1","100.0000","88101","PM2.5 - Local Conditions","47900","Washington-Arlington-Alexandria, DC-VA-MD-WV","24","Maryland","033","Prince George's","39.055277","-76.878333"
"04/02/2022","AirNow","240330030","3","3.4","ug/m3 LC","14","HU-Beltsville","1","100.0000","88101","PM2.5 - Local Conditions","47900","Washington-Arlington-Alexandria, DC-VA-MD-WV","24","Maryland","033","Prince George's","39.055277","-76.878333"
"04/03/2022","AirNow","240330030","3","3.7","ug/m3 LC","15","HU-Beltsville","1","100.0000","88101","PM2.5 - Local Conditions","47900","Washington-Arlington-Alexandria, DC-VA-MD-WV","24","Maryland","033","Prince George's","39.055277","-76.878333"
"04/04/2022","AirNow","240330030","3","4.6","ug/m3 LC","19","HU-Beltsville","1","100.0000","88101","PM2.5 - Local Conditions","47900","Washington-Arlington-Alexandria, DC-VA-MD-WV","24","Maryland","033","Prince George's","39.055277","-76.878333"
"04/05/2022","AirNow","240330030","3","7.2","ug/m3 LC","30","HU-Beltsville","1","100.0000","88101","PM2.5 - Local Conditions","47900","Washington-Arlington-Alexandria, DC-VA-MD-WV","24","Maryland","033","Prince George's","39.055277","-76.878333"
"04/06/2022","AirNow","240330030","3","2.2","ug/m3 LC","9","HU-Beltsville","1","100.0000","88101","PM2.5 - Local Conditions","47900","Washington-Arlington-Alexandria, DC-VA-MD-WV","24","Maryland","033","Prince George's","39.055277","-76.878333"
"04/07/2022","AirNow","240330030","3","1.7","ug/m3 LC","7","HU-Beltsville","1","100.0000","88101","PM2.5 - Local Conditions","47900","Washington-Arlington-Alexandria, DC-VA-MD-WV","24","Maryland","033","Prince George's","39.055277","-76.878333"
"04/08/2022","AirNow","240330030","3","3.1","ug/m3 LC","13","HU-Beltsville","1","100.0000","88101","PM2.5 - Local Conditions","47900","Washington-Arlington-Alexandria, DC-VA-MD-WV","24","Maryland","033","Prince George's","39.055277","-76.878333"
"04/09/2022","AirNow","240330030","3","1.3","ug/m3 LC","5","HU-Beltsville","1","100.0000","88101","PM2.5 - Local Conditions","47900","Washington-Arlington-Alexandria, DC-VA-MD-WV","24","Maryland","033","Prince George's","39.055277","-76.878333"
"04/10/2022","AirNow","240330030","3","2","ug/m3 LC","8","HU-Beltsville","1","100.0000","88101","PM2.5 - Local Conditions","47900","Washington-Arlington-Alexandria, DC-VA-MD-WV","24","Maryland","033","Prince George's","39.055277","-76.878333"
"04/11/2022","AirNow","240330030","3","3.4","ug/m3 LC","14","HU-Beltsville","1","100.0000","88101","PM2.5 - Local Conditions","47900","Washington-Arlington-Alexandria, DC-VA-MD-WV","24","Maryland","033","Prince George's","39.055277","-76.878333"
"04/12/2022","AirNow","240330030","3","3","ug/m3 LC","13","HU-Beltsville","1","100.0000","88101","PM2.5 - Local Conditions","47900","Washington-Arlington-Alexandria, DC-VA-MD-WV","24","Maryland","033","Prince George's","39.055277","-76.878333"
"04/13/2022","AirNow","240330030","3","8.2","ug/m3 LC","34","HU-Beltsville","1","100.0000","88101","PM2.5 - Local Conditions","47900","Washington-Arlington-Alexandria, DC-VA-MD-WV","24","Maryland","033","Prince George's","39.055277","-76.878333"
"04/14/2022","AirNow","240330030","3","5.9","ug/m3 LC","25","HU-Beltsville","1","100.0000","88101","PM2.5 - Local Conditions","47900","Washington-Arlington-Alexandria, DC-VA-MD-WV","24","Maryland","033","Prince George's","39.055277","-76.878333"
"04/15/2022","AirNow","240330030","3","2.7","ug/m3 LC","11","HU-Beltsville","1","100.0000","88101","PM2.5 - Local Conditions","47900","Washington-Arlington-Alexandria, DC-VA-MD-WV","24","Maryland","033","Prince George's","39.055277","-76.878333"
"04/16/2022","AirNow","240330030","3","4.5","ug/m3 LC","19","HU-Beltsville","1","100.0000","88101","PM2.5 - Local Conditions","47900","Washington-Arlington-Alexandria, DC-VA-MD-WV","24","Maryland","033","Prince George's","39.055277","-76.878333"
"04/17/2022","AirNow","240330030","3","2.9","ug/m3 LC","12","HU-Beltsville","1","100.0000","88101","PM2.5 - Local Conditions","47900","Washington-Arlington-Alexandria, DC-VA-MD-WV","24","Maryland","033","Prince George's","39.055277","-76.878333"
"04/18/2022","AirNow","240330030","3","1.6","ug/m3 LC","7","HU-Beltsville","1","100.0000","88101","PM2.5 - Local Conditions","47900","Washington-Arlington-Alexandria, DC-VA-MD-WV","24","Maryland","033","Prince George's","39.055277","-76.878333"
"04/19/2022","AirNow","240330030","3","2.7","ug/m3 LC","11","HU-Beltsville","1","100.0000","88101","PM2.5 - Local Conditions","47900","Washington-Arlington-Alexandria, DC-VA-MD-WV","24","Maryland","033","Prince George's","39.055277","-76.878333"
"04/20/2022","AirNow","240330030","3","3.2","ug/m3 LC","13","HU-Beltsville","1","100.0000","88101","PM2.5 - Local Conditions","47900","Washington-Arlington-Alexandria, DC-VA-MD-WV","24","Maryland","033","Prince George's","39.055277","-76.878333"
"04/21/2022","AirNow","240330030","3","5.5","ug/m3 LC","23","HU-Beltsville","1","100.0000","88101","PM2.5 - Local Conditions","47900","Washington-Arlington-Alexandria, DC-VA-MD-WV","24","Maryland","033","Prince George's","39.055277","-76.878333"
"04/22/2022","AirNow","240330030","3","6.4","ug/m3 LC","27","HU-Beltsville","1","100.0000","88101","PM2.5 - Local Conditions","47900","Washington-Arlington-Alexandria, DC-VA-MD-WV","24","Maryland","033","Prince George's","39.055277","-76.878333"
"04/23/2022","AirNow","240330030","3","7","ug/m3 LC","29","HU-Beltsville","1","100.0000","88101","PM2.5 - Local Conditions","47900","Washington-Arlington-Alexandria, DC-VA-MD-WV","24","Maryland","033","Prince George's","39.055277","-76.878333"
"04/24/2022","AirNow","240330030","3","7.2","ug/m3 LC","30","HU-Beltsville","1","100.0000","88101","PM2.5 - Local Conditions","47900","Washington-Arlington-Alexandria, DC-VA-MD-WV","24","Maryland","033","Prince George's","39.055277","-76.878333"
"04/25/2022","AirNow","240330030","3","6.1","ug/m3 LC","25","HU-Beltsville","1","100.0000","88101","PM2.5 - Local Conditions","47900","Washington-Arlington-Alexandria, DC-VA-MD-WV","24","Maryland","033","Prince George's","39.055277","-76.878333"
"04/26/2022","AirNow","240330030","3","7.2","ug/m3 LC","30","HU-Beltsville","1","100.0000","88101","PM2.5 - Local Conditions","47900","Washington-Arlington-Alexandria, DC-VA-MD-WV","24","Maryland","033","Prince George's","39.055277","-76.878333"
"04/27/2022","AirNow","240330030","3","4.1","ug/m3 LC","17","HU-Beltsville","1","100.0000","88101","PM2.5 - Local Conditions","47900","Washington-Arlington-Alexandria, DC-VA-MD-WV","24","Maryland","033","Prince George's","39.055277","-76.878333"
"04/28/2022","AirNow","240330030","3","2.1","ug/m3 LC","9","HU-Beltsville","1","100.0000","88101","PM2.5 - Local Conditions","47900","Washington-Arlington-Alexandria, DC-VA-MD-WV","24","Maryland","033","Prince George's","39.055277","-76.878333"
"04/29/2022","AirNow","240330030","3","5","ug/m3 LC","21","HU-Beltsville","1","100.0000","88101","PM2.5 - Local Conditions","47900","Washington-Arlington-Alexandria, DC-VA-MD-WV","24","Maryland","033","Prince George's","39.055277","-76.878333"
"04/30/2022","AirNow","240330030","3","4","ug/m3 LC","17","HU-Beltsville","1","100.0000","88101","PM2.5 - Local Conditions","47900","Washington-Arlington-Alexandria, DC-VA-MD-WV","24","Maryland","033","Prince George's","39.055277","-76.878333"
"05/01/2022","AirNow","240330030","3","7.3","ug/m3 LC","30","HU-Beltsville","1","100.0000","88101","PM2.5 - Local Conditions","47900","Washington-Arlington-Alexandria, DC-VA-MD-WV","24","Maryland","033","Prince George's","39.055277","-76.878333"
"05/02/2022","AirNow","240330030","3","8.9","ug/m3 LC","37","HU-Beltsville","1","100.0000","88101","PM2.5 - Local Conditions","47900","Washington-Arlington-Alexandria, DC-VA-MD-WV","24","Maryland","033","Prince George's","39.055277","-76.878333"
"05/03/2022","AirNow","240330030","3","10.5","ug/m3 LC","44","HU-Beltsville","1","100.0000","88101","PM2.5 - Local Conditions","47900","Washington-Arlington-Alexandria, DC-VA-MD-WV","24","Maryland","033","Prince George's","39.055277","-76.878333"
"05/04/2022","AirNow","240330030","3","8","ug/m3 LC","33","HU-Beltsville","1","100.0000","88101","PM2.5 - Local Conditions","47900","Washington-Arlington-Alexandria, DC-VA-MD-WV","24","Maryland","033","Prince George's","39.055277","-76.878333"
"05/05/2022","AirNow","240330030","3","3.8","ug/m3 LC","16","HU-Beltsville","1","100.0000","88101","PM2.5 - Local Conditions","47900","Washington-Arlington-Alexandria, DC-VA-MD-WV","24","Maryland","033","Prince George's","39.055277","-76.878333"
"05/07/2022","AirNow","240330030","3","1","ug/m3 LC","4","HU-Beltsville","1","100.0000","88101","PM2.5 - Local Conditions","47900","Washington-Arlington-Alexandria, DC-VA-MD-WV","24","Maryland","033","Prince George's","39.055277","-76.878333"
"05/08/2022","AirNow","240330030","3","4.2","ug/m3 LC","18","HU-Beltsville","1","100.0000","88101","PM2.5 - Local Conditions","47900","Washington-Arlington-Alexandria, DC-VA-MD-WV","24","Maryland","033","Prince George's","39.055277","-76.878333"
"05/09/2022","AirNow","240330030","3","4.2","ug/m3 LC","18","HU-Beltsville","1","100.0000","88101","PM2.5 - Local Conditions","47900","Washington-Arlington-Alexandria, DC-VA-MD-WV","24","Maryland","033","Prince George's","39.055277","-76.878333"
"05/10/2022","AirNow","240330030","3","4.2","ug/m3 LC","18","HU-Beltsville","1","100.0000","88101","PM2.5 - Local Conditions","47900","Washington-Arlington-Alexandria, DC-VA-MD-WV","24","Maryland","033","Prince George's","39.055277","-76.878333"
"05/11/2022","AirNow","240330030","3","5.8","ug/m3 LC","24","HU-Beltsville","1","100.0000","88101","PM2.5 - Local Conditions","47900","Washington-Arlington-Alexandria, DC-VA-MD-WV","24","Maryland","033","Prince George's","39.055277","-76.878333"
"05/12/2022","AirNow","240330030","3","5.3","ug/m3 LC","22","HU-Beltsville","1","100.0000","88101","PM2.5 - Local Conditions","47900","Washington-Arlington-Alexandria, DC-VA-MD-WV","24","Maryland","033","Prince George's","39.055277","-76.878333"
"05/13/2022","AirNow","240330030","3","2","ug/m3 LC","8","HU-Beltsville","1","100.0000","88101","PM2.5 - Local Conditions","47900","Washington-Arlington-Alexandria, DC-VA-MD-WV","24","Maryland","033","Prince George's","39.055277","-76.878333"
"05/14/2022","AirNow","240330030","3","0.9","ug/m3 LC","4","HU-Beltsville","1","100.0000","88101","PM2.5 - Local Conditions","47900","Washington-Arlington-Alexandria, DC-VA-MD-WV","24","Maryland","033","Prince George's","39.055277","-76.878333"
"05/15/2022","AirNow","240330030","3","2.2","ug/m3 LC","9","HU-Beltsville","1","100.0000","88101","PM2.5 - Local Conditions","47900","Washington-Arlington-Alexandria, DC-VA-MD-WV","24","Maryland","033","Prince George's","39.055277","-76.878333"
"05/16/2022","AirNow","240330030","3","3.7","ug/m3 LC","15","HU-Beltsville","1","100.0000","88101","PM2.5 - Local Conditions","47900","Washington-Arlington-Alexandria, DC-VA-MD-WV","24","Maryland","033","Prince George's","39.055277","-76.878333"
"05/17/2022","AirNow","240330030","3","5.2","ug/m3 LC","22","HU-Beltsville","1","100.0000","88101","PM2.5 - Local Conditions","47900","Washington-Arlington-Alexandria, DC-VA-MD-WV","24","Maryland","033","Prince George's","39.055277","-76.878333"
"05/18/2022","AirNow","240330030","3","3","ug/m3 LC","13","HU-Beltsville","1","100.0000","88101","PM2.5 - Local Conditions","47900","Washington-Arlington-Alexandria, DC-VA-MD-WV","24","Maryland","033","Prince George's","39.055277","-76.878333"
"05/24/2022","AirNow","240330030","3","3.7","ug/m3 LC","15","HU-Beltsville","1","100.0000","88101","PM2.5 - Local Conditions","47900","Washington-Arlington-Alexandria, DC-VA-MD-WV","24","Maryland","033","Prince George's","39.055277","-76.878333"
"05/25/2022","AirNow","240330030","3","4.5","ug/m3 LC","19","HU-Beltsville","1","100.0000","88101","PM2.5 - Local Conditions","47900","Washington-Arlington-Alexandria, DC-VA-MD-WV","24","Maryland","033","Prince George's","39.055277","-76.878333"
"05/26/2022","AirNow","240330030","3","4.1","ug/m3 LC","17","HU-Beltsville","1","100.0000","88101","PM2.5 - Local Conditions","47900","Washington-Arlington-Alexandria, DC-VA-MD-WV","24","Maryland","033","Prince George's","39.055277","-76.878333"
"05/27/2022","AirNow","240330030","3","3.8","ug/m3 LC","16","HU-Beltsville","1","100.0000","88101","PM2.5 - Local Conditions","47900","Washington-Arlington-Alexandria, DC-VA-MD-WV","24","Maryland","033","Prince George's","39.055277","-76.878333"
"05/28/2022","AirNow","240330030","3","3.2","ug/m3 LC","13","HU-Beltsville","1","100.0000","88101","PM2.5 - Local Conditions","47900","Washington-Arlington-Alexandria, DC-VA-MD-WV","24","Maryland","033","Prince George's","39.055277","-76.878333"
"05/29/2022","AirNow","240330030","3","6.2","ug/m3 LC","26","HU-Beltsville","1","100.0000","88101","PM2.5 - Local Conditions","47900","Washington-Arlington-Alexandria, DC-VA-MD-WV","24","Maryland","033","Prince George's","39.055277","-76.878333"
"05/30/2022","AirNow","240330030","3","8.2","ug/m3 LC","34","HU-Beltsville","1","100.0000","88101","PM2.5 - Local Conditions","47900","Washington-Arlington-Alexandria, DC-VA-MD-WV","24","Maryland","033","Prince George's","39.055277","-76.878333"
"05/31/2022","AirNow","240330030","3","11","ug/m3 LC","46","HU-Beltsville","1","100.0000","88101","PM2.5 - Local Conditions","47900","Washington-Arlington-Alexandria, DC-VA-MD-WV","24","Maryland","033","Prince George's","39.055277","-76.878333"
"06/01/2022","AirNow","240330030","3","10.6","ug/m3 LC","44","HU-Beltsville","1","100.0000","88101","PM2.5 - Local Conditions","47900","Washington-Arlington-Alexandria, DC-VA-MD-WV","24","Maryland","033","Prince George's","39.055277","-76.878333"
"06/02/2022","AirNow","240330030","3","9.2","ug/m3 LC","38","HU-Beltsville","1","100.0000","88101","PM2.5 - Local Conditions","47900","Washington-Arlington-Alexandria, DC-VA-MD-WV","24","Maryland","033","Prince George's","39.055277","-76.878333"
"06/03/2022","AirNow","240330030","3","3.9","ug/m3 LC","16","HU-Beltsville","1","100.0000","88101","PM2.5 - Local Conditions","47900","Washington-Arlington-Alexandria, DC-VA-MD-WV","24","Maryland","033","Prince George's","39.055277","-76.878333"
"06/04/2022","AirNow","240330030","3","7.5","ug/m3 LC","31","HU-Beltsville","1","100.0000","88101","PM2.5 - Local Conditions","47900","Washington-Arlington-Alexandria, DC-VA-MD-WV","24","Maryland","033","Prince George's","39.055277","-76.878333"
"06/05/2022","AirNow","240330030","3","4.6","ug/m3 LC","19","HU-Beltsville","1","100.0000","88101","PM2.5 - Local Conditions","47900","Washington-Arlington-Alexandria, DC-VA-MD-WV","24","Maryland","033","Prince George's","39.055277","-76.878333"
"06/06/2022","AirNow","240330030","3","4","ug/m3 LC","17","HU-Beltsville","1","100.0000","88101","PM2.5 - Local Conditions","47900","Washington-Arlington-Alexandria, DC-VA-MD-WV","24","Maryland","033","Prince George's","39.055277","-76.878333"
"06/07/2022","AirNow","240330030","3","5.5","ug/m3 LC","23","HU-Beltsville","1","100.0000","88101","PM2.5 - Local Conditions","47900","Washington-Arlington-Alexandria, DC-VA-MD-WV","24","Maryland","033","Prince George's","39.055277","-76.878333"
"06/08/2022","AirNow","240330030","3","4.2","ug/m3 LC","18","HU-Beltsville","1","100.0000","88101","PM2.5 - Local Conditions","47900","Washington-Arlington-Alexandria, DC-VA-MD-WV","24","Maryland","033","Prince George's","39.055277","-76.878333"
"06/09/2022","AirNow","240330030","3","3.8","ug/m3 LC","16","HU-Beltsville","1","100.0000","88101","PM2.5 - Local Conditions","47900","Washington-Arlington-Alexandria, DC-VA-MD-WV","24","Maryland","033","Prince George's","39.055277","-76.878333"
"06/10/2022","AirNow","240330030","3","4.6","ug/m3 LC","19","HU-Beltsville","1","100.0000","88101","PM2.5 - Local Conditions","47900","Washington-Arlington-Alexandria, DC-VA-MD-WV","24","Maryland","033","Prince George's","39.055277","-76.878333"
"06/11/2022","AirNow","240330030","3","6.2","ug/m3 LC","26","HU-Beltsville","1","100.0000","88101","PM2.5 - Local Conditions","47900","Washington-Arlington-Alexandria, DC-VA-MD-WV","24","Maryland","033","Prince George's","39.055277","-76.878333"
"06/12/2022","AirNow","240330030","3","5","ug/m3 LC","21","HU-Beltsville","1","100.0000","88101","PM2.5 - Local Conditions","47900","Washington-Arlington-Alexandria, DC-VA-MD-WV","24","Maryland","033","Prince George's","39.055277","-76.878333"
"06/13/2022","AirNow","240330030","3","5.7","ug/m3 LC","24","HU-Beltsville","1","100.0000","88101","PM2.5 - Local Conditions","47900","Washington-Arlington-Alexandria, DC-VA-MD-WV","24","Maryland","033","Prince George's","39.055277","-76.878333"
"06/14/2022","AirNow","240330030","3","7.1","ug/m3 LC","30","HU-Beltsville","1","100.0000","88101","PM2.5 - Local Conditions","47900","Washington-Arlington-Alexandria, DC-VA-MD-WV","24","Maryland","033","Prince George's","39.055277","-76.878333"
"06/15/2022","AirNow","240330030","3","7.4","ug/m3 LC","31","HU-Beltsville","1","100.0000","88101","PM2.5 - Local Conditions","47900","Washington-Arlington-Alexandria, DC-VA-MD-WV","24","Maryland","033","Prince George's","39.055277","-76.878333"
"06/16/2022","AirNow","240330030","3","6.3","ug/m3 LC","26","HU-Beltsville","1","100.0000","88101","PM2.5 - Local Conditions","47900","Washington-Arlington-Alexandria, DC-VA-MD-WV","24","Maryland","033","Prince George's","39.055277","-76.878333"
"06/17/2022","AirNow","240330030","3","6.8","ug/m3 LC","28","HU-Beltsville","1","100.0000","88101","PM2.5 - Local Conditions","47900","Washington-Arlington-Alexandria, DC-VA-MD-WV","24","Maryland","033","Prince George's","39.055277","-76.878333"
"06/18/2022","AirNow","240330030","3","3.3","ug/m3 LC","14","HU-Beltsville","1","100.0000","88101","PM2.5 - Local Conditions","47900","Washington-Arlington-Alexandria, DC-VA-MD-WV","24","Maryland","033","Prince George's","39.055277","-76.878333"
"06/19/2022","AirNow","240330030","3","3.4","ug/m3 LC","14","HU-Beltsville","1","100.0000","88101","PM2.5 - Local Conditions","47900","Washington-Arlington-Alexandria, DC-VA-MD-WV","24","Maryland","033","Prince George's","39.055277","-76.878333"
"06/20/2022","AirNow","240330030","3","4.7","ug/m3 LC","20","HU-Beltsville","1","100.0000","88101","PM2.5 - Local Conditions","47900","Washington-Arlington-Alexandria, DC-VA-MD-WV","24","Maryland","033","Prince George's","39.055277","-76.878333"
"06/21/2022","AirNow","240330030","3","8","ug/m3 LC","33","HU-Beltsville","1","100.0000","88101","PM2.5 - Local Conditions","47900","Washington-Arlington-Alexandria, DC-VA-MD-WV","24","Maryland","033","Prince George's","39.055277","-76.878333"
"06/22/2022","AirNow","240330030","3","10.5","ug/m3 LC","44","HU-Beltsville","1","100.0000","88101","PM2.5 - Local Conditions","47900","Washington-Arlington-Alexandria, DC-VA-MD-WV","24","Maryland","033","Prince George's","39.055277","-76.878333"
"06/23/2022","AirNow","240330030","3","2.5","ug/m3 LC","10","HU-Beltsville","1","100.0000","88101","PM2.5 - Local Conditions","47900","Washington-Arlington-Alexandria, DC-VA-MD-WV","24","Maryland","033","Prince George's","39.055277","-76.878333"
"06/24/2022","AirNow","240330030","3","3.7","ug/m3 LC","15","HU-Beltsville","1","100.0000","88101","PM2.5 - Local Conditions","47900","Washington-Arlington-Alexandria, DC-VA-MD-WV","24","Maryland","033","Prince George's","39.055277","-76.878333"
"06/25/2022","AirNow","240330030","3","6.6","ug/m3 LC","28","HU-Beltsville","1","100.0000","88101","PM2.5 - Local Conditions","47900","Washington-Arlington-Alexandria, DC-VA-MD-WV","24","Maryland","033","Prince George's","39.055277","-76.878333"
"06/26/2022","AirNow","240330030","3","5.3","ug/m3 LC","22","HU-Beltsville","1","100.0000","88101","PM2.5 - Local Conditions","47900","Washington-Arlington-Alexandria, DC-VA-MD-WV","24","Maryland","033","Prince George's","39.055277","-76.878333"
"06/27/2022","AirNow","240330030","3","6.2","ug/m3 LC","26","HU-Beltsville","1","100.0000","88101","PM2.5 - Local Conditions","47900","Washington-Arlington-Alexandria, DC-VA-MD-WV","24","Maryland","033","Prince George's","39.055277","-76.878333"
"06/28/2022","AirNow","240330030","3","4.3","ug/m3 LC","18","HU-Beltsville","1","100.0000","88101","PM2.5 - Local Conditions","47900","Washington-Arlington-Alexandria, DC-VA-MD-WV","24","Maryland","033","Prince George's","39.055277","-76.878333"
"06/29/2022","AirNow","240330030","3","7.7","ug/m3 LC","32","HU-Beltsville","1","100.0000","88101","PM2.5 - Local Conditions","47900","Washington-Arlington-Alexandria, DC-VA-MD-WV","24","Maryland","033","Prince George's","39.055277","-76.878333"
"06/30/2022","AirNow","240330030","3","10","ug/m3 LC","42","HU-Beltsville","1","100.0000","88101","PM2.5 - Local Conditions","47900","Washington-Arlington-Alexandria, DC-VA-MD-WV","24","Maryland","033","Prince George's","39.055277","-76.878333"
"07/01/2022","AirNow","240330030","3","9.7","ug/m3 LC","40","HU-Beltsville","1","100.0000","88101","PM2.5 - Local Conditions","47900","Washington-Arlington-Alexandria, DC-VA-MD-WV","24","Maryland","033","Prince George's","39.055277","-76.878333"
"07/02/2022","AirNow","240330030","3","4.6","ug/m3 LC","19","HU-Beltsville","1","100.0000","88101","PM2.5 - Local Conditions","47900","Washington-Arlington-Alexandria, DC-VA-MD-WV","24","Maryland","033","Prince George's","39.055277","-76.878333"
"07/03/2022","AirNow","240330030","3","5.8","ug/m3 LC","24","HU-Beltsville","1","100.0000","88101","PM2.5 - Local Conditions","47900","Washington-Arlington-Alexandria, DC-VA-MD-WV","24","Maryland","033","Prince George's","39.055277","-76.878333"
